order_id,customer_id,product_id,order_date,quantity,price,discount,revenue
1,1,50,2023-08-09,2,724.46,0,1448.92
2,2,36,2023-07-11,1,505.85,20,404.68
3,3,28,2023-07-22,1,212.66,15,180.76
4,4,25,2023-04-23,2,113.47,5,215.59
5,5,34,2024-01-27,3,972.94,10,2626.94
6,6,19,2023-11-29,3,647.69,10,1748.76
7,7,27,2023-04-07,1,235.24,10,211.72
8,8,8,2023-11-23,2,748.92,10,1348.06
9,9,45,2023-11-15,2,241.59,0,483.18
10,10,10,2023-01-26,3,46.11,0,138.33
11,11,19,2023-05-18,1,863.93,0,863.93
12,12,15,2023-02-16,1,37.38,5,35.51
13,13,22,2023-08-04,2,947.16,15,1610.17
14,14,24,2023-08-26,3,953.88,10,2575.48
15,15,6,2024-03-07,1,86.13,15,73.21
16,16,5,2023-10-06,2,234.29,10,421.72
17,17,25,2024-02-29,1,163.91,5,155.71
18,18,25,2024-01-30,2,311.65,0,623.3
19,19,13,2023-08-24,3,929.78,20,2231.47
20,20,43,2023-04-17,2,479.17,10,862.51
21,21,21,2023-03-23,3,879.32,20,2110.37
22,22,34,2023-03-04,2,587.85,10,1058.13
23,23,13,2023-07-04,1,1039.12,5,987.16
24,24,8,2023-05-01,3,532.31,0,1596.93
25,25,11,2024-02-11,2,709.94,15,1206.9
26,26,16,2023-01-05,1,705.67,15,599.82
27,27,45,2023-11-02,1,458.25,0,458.25
28,28,16,2023-03-22,2,127.85,20,204.56
29,29,22,2024-04-21,3,90.86,10,245.32
30,30,42,2023-03-20,3,652.9,0,1958.7
31,31,9,2023-09-07,1,393.75,20,315
32,32,42,2024-01-23,2,970.52,15,1649.88
33,33,47,2023-04-09,1,833.31,10,749.98
34,34,47,2023-03-10,2,1080.42,15,1836.71
35,35,46,2023-08-13,3,367.76,15,937.79
36,36,13,2023-10-18,1,661.47,10,595.32
37,37,47,2023-08-28,2,1043.84,20,1670.14
38,38,36,2023-03-24,1,646.74,15,549.73
39,39,19,2024-02-24,2,659.1,15,1120.47
40,40,1,2024-02-02,3,617.03,5,1758.54
41,41,2,2023-11-14,2,935.7,5,1777.83
42,42,21,2024-01-05,1,796.78,20,637.42
43,43,25,2023-04-08,3,826.2,20,1982.88
44,44,10,2023-11-10,2,400.67,10,721.21
45,45,8,2023-02-19,3,797.49,0,2392.47
46,46,9,2023-04-02,1,258.45,15,219.68
47,47,13,2023-02-20,1,693.79,15,589.72
48,48,43,2023-09-08,3,756.29,20,1815.1
49,49,17,2023-01-26,2,280.45,0,560.9
50,50,1,2024-04-21,1,793.78,0,793.78
51,51,30,2024-02-15,3,91.63,20,219.91
52,52,48,2024-04-25,2,989.99,0,1979.98
53,53,40,2023-05-17,3,67.97,0,203.91
54,54,20,2023-02-09,1,1153.49,0,1153.49
55,55,7,2024-01-07,1,647.36,5,614.99
56,56,13,2023-09-27,3,313.54,5,893.59
57,57,36,2024-01-19,3,509.92,0,1529.76
58,58,50,2023-11-23,3,442.4,15,1128.12
59,59,45,2023-12-07,2,1061.73,5,2017.29
60,60,12,2023-10-09,2,615.54,5,1169.53
61,61,35,2023-11-04,2,1121.55,10,2018.79
62,62,36,2023-06-16,2,506.57,15,861.17
63,63,47,2023-06-15,3,304.05,20,729.72
64,64,14,2023-07-12,3,1112.85,10,3004.69
65,65,24,2024-05-07,2,548.05,15,931.68
66,66,1,2024-01-07,1,1179.89,20,943.91
67,67,2,2023-09-23,1,1192.23,10,1073.01
68,68,1,2023-06-03,1,273.49,10,246.14
69,69,2,2024-01-31,3,990.36,20,2376.86
70,70,33,2023-10-12,3,1112.59,5,3170.88
71,71,7,2023-01-20,2,439.67,5,835.37
72,72,17,2023-07-07,3,314.83,10,850.04
73,73,20,2023-02-17,3,491.76,5,1401.52
74,74,47,2023-02-09,3,403.14,15,1028.01
75,75,12,2023-09-07,3,849.36,0,2548.08
76,76,39,2023-11-25,2,64.1,20,102.56
77,77,25,2023-02-10,1,1107.81,10,997.03
78,78,23,2024-03-26,2,511.5,0,1023
79,79,50,2023-04-27,3,790.28,20,1896.67
80,80,1,2023-11-21,3,471.33,10,1272.59
81,81,34,2023-01-22,2,657.12,5,1248.53
82,82,21,2023-09-15,3,280.54,0,841.62
83,83,44,2024-01-10,2,1165.83,20,1865.33
84,84,37,2023-09-16,1,282.06,10,253.85
85,85,26,2023-03-17,1,416.68,15,354.18
86,86,37,2024-01-17,1,666.82,10,600.14
87,87,6,2023-07-24,3,532.7,5,1518.2
88,88,49,2023-03-11,2,679.97,15,1155.95
89,89,26,2023-11-30,3,251.4,20,603.36
90,90,48,2023-09-26,1,305.93,10,275.34
91,91,50,2023-08-09,2,827.99,20,1324.78
92,92,6,2023-02-27,3,508.03,10,1371.68
93,93,23,2023-04-08,2,426.54,0,853.08
94,94,50,2023-06-06,1,1185.43,20,948.34
95,95,29,2023-11-16,1,539.75,5,512.76
96,96,13,2023-12-17,2,204.07,0,408.14
97,97,8,2024-01-14,1,306.8,20,245.44
98,98,10,2024-03-20,2,36.21,0,72.42
99,99,20,2023-08-19,2,46.84,5,89
100,100,48,2023-10-03,1,260.49,20,208.39
101,101,49,2023-05-13,3,589.97,5,1681.41
102,102,45,2023-12-24,3,41.7,20,100.08
103,103,43,2023-09-27,1,321.44,0,321.44
104,104,19,2023-04-13,3,749.2,0,2247.6
105,105,30,2023-12-02,1,98.59,10,88.73
106,106,43,2024-03-12,3,445.06,0,1335.18
107,107,2,2023-05-30,3,476.1,15,1214.06
108,108,33,2024-05-15,3,137.53,10,371.33
109,109,32,2024-03-19,3,647.24,5,1844.63
110,110,13,2023-09-14,2,681.61,0,1363.22
111,111,3,2023-05-07,3,379.81,15,968.52
112,112,26,2024-01-17,1,41.68,10,37.51
113,113,23,2023-11-17,2,298.72,20,477.95
114,114,18,2024-02-20,1,758.43,15,644.67
115,115,2,2024-04-28,3,1139.96,5,3248.89
116,116,10,2023-06-24,2,795.18,0,1590.36
117,117,47,2023-07-15,3,1153.51,20,2768.42
118,118,41,2023-12-18,1,512.45,20,409.96
119,119,10,2023-08-07,2,1093.49,10,1968.28
120,120,29,2023-10-05,1,263.97,5,250.77
121,121,38,2023-10-05,3,964.12,5,2747.74
122,122,20,2023-12-19,3,1080.4,5,3079.14
123,123,28,2024-04-10,1,794.35,20,635.48
124,124,11,2023-06-12,1,677.66,0,677.66
125,125,12,2023-06-12,1,877.95,10,790.16
126,126,27,2024-05-07,2,377.95,10,680.31
127,127,10,2024-02-03,1,145.99,5,138.69
128,128,2,2024-01-26,3,748,20,1795.2
129,129,37,2023-11-10,1,723.71,5,687.52
130,130,44,2023-01-14,2,113.78,15,193.43
131,131,9,2023-09-15,3,573.14,10,1547.48
132,132,12,2024-03-12,2,599.91,5,1139.83
133,133,11,2023-04-09,1,58.03,0,58.03
134,134,18,2024-05-01,2,282.61,5,536.96
135,135,49,2023-04-15,1,228.95,15,194.61
136,136,40,2023-09-08,3,403.38,15,1028.62
137,137,16,2023-08-07,2,935.93,20,1497.49
138,138,48,2024-02-27,2,869.84,15,1478.73
139,139,40,2024-04-25,3,694.88,20,1667.71
140,140,34,2023-11-25,3,948.57,20,2276.57
141,141,7,2023-08-20,2,995.87,0,1991.74
142,142,16,2023-09-23,3,486.82,0,1460.46
143,143,36,2023-07-18,3,922.89,0,2768.67
144,144,13,2023-05-30,2,489.69,10,881.44
145,145,50,2024-02-28,2,564.39,15,959.46
146,146,19,2023-11-10,1,834.14,5,792.43
147,147,30,2024-02-29,3,553,20,1327.2
148,148,8,2023-04-03,3,1126.65,20,2703.96
149,149,9,2023-07-21,2,401.68,0,803.36
150,150,12,2023-08-21,3,1078.01,5,3072.33
151,151,30,2023-02-16,2,402.41,5,764.58
152,152,46,2024-01-11,1,127.61,15,108.47
153,153,41,2023-07-05,1,638.1,15,542.38
154,154,47,2024-02-10,3,742.25,5,2115.41
155,155,25,2023-10-09,2,71.81,5,136.44
156,156,22,2023-10-17,3,1037.95,5,2958.16
157,157,10,2023-04-02,3,80.55,10,217.48
158,158,20,2024-01-09,2,360.76,5,685.44
159,159,8,2024-04-05,1,1153.31,0,1153.31
160,160,40,2024-01-27,2,34.41,15,58.5
161,161,32,2023-10-06,1,737.42,15,626.81
162,162,16,2023-04-22,3,798.18,15,2035.36
163,163,27,2023-08-15,1,729.44,0,729.44
164,164,16,2024-03-27,3,348.17,20,835.61
165,165,14,2023-01-26,1,194.94,10,175.45
166,166,3,2023-03-16,1,807.06,20,645.65
167,167,20,2023-06-19,1,77.86,15,66.18
168,168,12,2023-03-24,3,355.57,20,853.37
169,169,37,2024-02-08,3,229.35,15,584.84
170,170,48,2023-10-24,2,1119.15,0,2238.3
171,171,50,2023-06-03,2,454.91,15,773.35
172,172,5,2024-01-24,2,1015.11,0,2030.22
173,173,19,2023-08-30,1,163.99,10,147.59
174,174,22,2023-09-27,2,639.08,5,1214.25
175,175,40,2023-01-30,1,694.21,20,555.37
176,176,6,2023-09-05,3,832.61,10,2248.05
177,177,28,2023-11-08,2,326.4,20,522.24
178,178,40,2023-07-01,1,744.86,15,633.13
179,179,34,2024-01-09,3,607.33,5,1730.89
180,180,40,2023-04-30,3,362.78,5,1033.92
181,181,1,2023-03-02,1,568.57,0,568.57
182,182,48,2024-03-10,1,963.49,15,818.97
183,183,27,2023-01-24,2,432.59,5,821.92
184,184,1,2023-11-24,1,834.22,10,750.8
185,185,5,2023-06-07,2,617.89,10,1112.2
186,186,50,2023-01-04,1,829.29,10,746.36
187,187,26,2024-01-06,3,746.87,0,2240.61
188,188,12,2023-04-10,2,1003.91,15,1706.65
189,189,31,2024-02-13,1,781.87,15,664.59
190,190,10,2023-11-18,2,1072.63,20,1716.21
191,191,22,2023-08-25,2,1114.79,0,2229.58
192,192,34,2023-06-03,3,875.46,10,2363.74
193,193,36,2023-10-02,1,265.75,10,239.18
194,194,23,2023-02-03,1,350.94,0,350.94
195,195,22,2023-07-12,3,650.44,5,1853.75
196,196,37,2023-11-07,2,241.11,0,482.22
197,197,49,2023-06-07,3,1032.23,0,3096.69
198,198,18,2023-07-31,1,606.52,5,576.19
199,199,24,2023-08-20,2,275.05,10,495.09
200,200,12,2023-02-27,2,946.23,5,1797.84
201,201,6,2023-08-16,3,49.42,15,126.02
202,202,33,2023-03-20,1,421.34,15,358.14
203,203,47,2024-03-23,3,386.22,10,1042.79
204,204,10,2024-01-29,1,990.12,20,792.1
205,205,44,2023-03-09,1,874.99,15,743.74
206,206,25,2024-01-01,3,156.69,10,423.06
207,207,3,2023-12-18,3,1048.81,10,2831.79
208,208,30,2024-03-31,1,141.66,10,127.49
209,209,2,2023-10-23,2,773.84,5,1470.3
210,210,21,2023-04-13,1,358.15,20,286.52
211,211,21,2024-01-31,2,811.93,10,1461.47
212,212,10,2023-03-22,2,155.06,20,248.1
213,213,36,2023-09-21,1,263.76,10,237.38
214,214,36,2023-06-13,2,187.04,10,336.67
215,215,37,2023-05-06,1,104.07,20,83.26
216,216,22,2023-10-04,2,79.86,0,159.72
217,217,31,2024-04-07,3,79.54,15,202.83
218,218,4,2023-02-14,2,482.46,20,771.94
219,219,38,2023-11-19,3,845.25,20,2028.6
220,220,23,2023-06-09,2,984.58,20,1575.33
221,221,6,2024-05-13,2,689.99,0,1379.98
222,222,45,2023-08-28,1,557.59,15,473.95
223,223,31,2023-04-29,1,189.59,20,151.67
224,224,17,2024-04-12,2,482.65,10,868.77
225,225,21,2023-08-21,2,55.71,15,94.71
226,226,8,2023-06-29,2,564.27,5,1072.11
227,227,19,2024-01-29,2,733.24,5,1393.16
228,228,33,2023-02-22,2,984.71,0,1969.42
229,229,21,2023-10-12,3,103.69,10,279.96
230,230,35,2023-08-25,2,716.83,5,1361.98
231,231,40,2023-05-05,3,207.64,15,529.48
232,232,25,2023-02-03,2,265.72,20,425.15
233,233,28,2024-02-06,2,689.31,10,1240.76
234,234,35,2023-12-22,1,224.24,0,224.24
235,235,48,2024-04-21,3,697.54,15,1778.73
236,236,8,2023-10-31,3,566.23,20,1358.95
237,237,7,2024-02-25,2,227.89,15,387.41
238,238,5,2023-11-03,1,828.9,20,663.12
239,239,50,2024-02-24,2,406.34,0,812.68
240,240,6,2023-04-22,1,1066.97,0,1066.97
241,241,49,2023-03-17,3,196.08,20,470.59
242,242,19,2023-07-19,3,701.96,5,2000.59
243,243,14,2023-12-15,2,373.69,10,672.64
244,244,28,2024-01-03,2,1188.54,20,1901.66
245,245,1,2023-11-10,3,496.95,5,1416.31
246,246,19,2023-02-01,2,1083.27,0,2166.54
247,247,1,2023-12-27,3,988.49,10,2668.92
248,248,8,2024-03-16,2,1041.5,5,1978.85
249,249,28,2023-12-26,3,485.24,10,1310.15
250,250,46,2023-07-15,2,470.25,20,752.4
251,251,14,2023-12-06,1,580.35,5,551.33
252,252,36,2023-07-16,2,1011.16,5,1921.2
253,253,19,2024-03-22,3,168.15,0,504.45
254,254,5,2023-11-28,1,189.92,15,161.43
255,255,43,2023-08-12,1,119.9,15,101.92
256,256,30,2024-04-02,3,733.23,15,1869.74
257,257,40,2023-04-03,2,621.11,20,993.78
258,258,29,2023-07-16,2,286.37,15,486.83
259,259,39,2023-01-04,3,607.83,5,1732.32
260,260,46,2023-09-14,2,504.79,20,807.66
261,261,37,2023-07-07,1,1174.32,20,939.46
262,262,31,2023-12-27,2,153.53,15,261
263,263,45,2023-02-10,1,881.62,20,705.3
264,264,49,2024-02-03,2,568.62,0,1137.24
265,265,34,2024-03-31,3,124.37,15,317.14
266,266,41,2024-01-15,3,1153.29,0,3459.87
267,267,44,2023-11-21,3,961.76,10,2596.75
268,268,40,2023-01-28,2,651.34,0,1302.68
269,269,31,2023-08-21,3,1089.14,20,2613.94
270,270,47,2023-06-19,2,436.44,10,785.59
271,271,19,2023-03-27,1,840.16,20,672.13
272,272,48,2023-06-05,3,946.33,10,2555.09
273,273,4,2023-11-19,2,702.21,20,1123.54
274,274,4,2023-12-03,2,974.5,20,1559.2
275,275,2,2023-05-27,2,117.36,20,187.78
276,276,5,2024-03-11,2,317.42,20,507.87
277,277,18,2023-05-21,2,36.76,0,73.52
278,278,39,2023-03-31,3,891.98,15,2274.55
279,279,24,2024-02-18,1,328.28,5,311.87
280,280,32,2023-04-03,3,1037.18,10,2800.39
281,281,6,2024-05-10,1,722.74,5,686.6
282,282,32,2024-01-21,2,929.03,5,1765.16
283,283,43,2023-08-14,3,772.34,5,2201.17
284,284,37,2024-01-11,2,84.1,10,151.38
285,285,49,2024-02-24,1,81.98,15,69.68
286,286,26,2023-09-01,2,581.99,20,931.18
287,287,15,2023-07-14,3,852.62,15,2174.18
288,288,17,2023-03-16,3,1046.93,0,3140.79
289,289,19,2024-04-19,2,470.76,10,847.37
290,290,34,2023-12-16,1,134.89,20,107.91
291,291,41,2023-07-01,2,740.37,10,1332.67
292,292,22,2023-05-19,2,966.73,10,1740.11
293,293,42,2023-10-27,2,564.11,5,1071.81
294,294,47,2023-12-11,3,929.19,20,2230.06
295,295,22,2023-12-13,3,1191.99,10,3218.37
296,296,36,2023-01-06,3,30,0,90
297,297,1,2023-07-30,1,639.81,15,543.84
298,298,23,2023-04-23,3,354.29,5,1009.73
299,299,3,2023-01-13,3,128.49,20,308.38
300,300,43,2024-04-02,1,1141.58,0,1141.58
301,301,46,2024-05-05,1,121.94,20,97.55
302,302,9,2023-07-12,3,921.35,20,2211.24
303,303,12,2024-04-03,1,840.87,10,756.78
304,304,19,2023-08-28,3,1124.69,15,2867.96
305,305,18,2024-01-29,2,836.82,10,1506.28
306,306,17,2023-03-24,1,347.2,0,347.2
307,307,25,2023-07-18,2,1195.23,10,2151.41
308,308,17,2023-04-02,2,101.89,5,193.59
309,309,40,2023-07-21,1,781.67,0,781.67
310,310,10,2023-10-04,2,277.7,0,555.4
311,311,29,2024-01-02,2,141.88,0,283.76
312,312,5,2023-10-20,3,315.7,15,805.03
313,313,2,2024-04-04,2,195.65,0,391.3
314,314,3,2023-12-07,2,334.4,10,601.92
315,315,26,2023-10-22,1,628.15,15,533.93
316,316,31,2023-08-12,2,1015.98,0,2031.96
317,317,35,2023-04-26,1,473.62,15,402.58
318,318,8,2023-10-18,3,1123.35,10,3033.04
319,319,22,2023-12-16,2,492.73,0,985.46
320,320,24,2023-10-01,2,114.94,15,195.4
321,321,49,2024-01-28,2,784.4,5,1490.36
322,322,36,2023-01-21,2,799.67,10,1439.41
323,323,45,2023-07-19,1,764.13,10,687.72
324,324,32,2023-02-13,3,536.82,5,1529.94
325,325,9,2023-01-19,1,49.93,20,39.94
326,326,16,2023-09-08,2,94.33,20,150.93
327,327,42,2023-06-07,2,650.05,15,1105.08
328,328,2,2023-01-19,2,86.14,0,172.28
329,329,26,2023-03-02,1,972.38,20,777.9
330,330,30,2024-04-26,3,1046.84,20,2512.42
331,331,10,2024-01-15,3,294.92,0,884.76
332,332,3,2024-01-12,1,596.9,0,596.9
333,333,31,2024-04-09,3,74.05,5,211.04
334,334,1,2023-03-30,3,78.95,10,213.17
335,335,7,2023-08-22,3,221.41,20,531.38
336,336,5,2024-02-23,1,154.73,20,123.78
337,337,40,2023-04-23,1,969.26,15,823.87
338,338,22,2024-02-20,3,820.51,10,2215.38
339,339,8,2024-05-14,3,699.64,5,1993.97
340,340,21,2024-03-04,1,921.79,20,737.43
341,341,12,2023-06-21,1,162.48,5,154.36
342,342,49,2023-08-01,1,841.63,20,673.3
343,343,11,2023-08-13,1,1112.3,0,1112.3
344,344,9,2023-02-21,3,742.68,5,2116.64
345,345,2,2024-03-26,2,115.25,0,230.5
346,346,12,2024-04-19,1,853.95,20,683.16
347,347,19,2023-08-02,3,972.75,15,2480.51
348,348,45,2023-03-06,1,188.84,10,169.96
349,349,34,2023-08-19,2,302.32,5,574.41
350,350,40,2023-12-21,1,723.6,15,615.06
351,351,40,2024-05-01,1,760.09,10,684.08
352,352,23,2023-08-03,1,678.1,5,644.19
353,353,8,2023-09-29,1,750.33,20,600.26
354,354,33,2023-04-23,2,928.99,5,1765.08
355,355,18,2023-01-28,1,152.96,5,145.31
356,356,44,2024-03-08,2,607.07,5,1153.43
357,357,43,2024-04-17,1,83.75,10,75.38
358,358,19,2023-04-18,2,316.63,20,506.61
359,359,49,2023-08-21,1,143.22,0,143.22
360,360,35,2023-04-01,1,946.88,15,804.85
361,361,33,2023-03-01,1,1076.19,15,914.76
362,362,38,2023-10-24,2,514.5,10,926.1
363,363,15,2024-02-03,1,404.84,0,404.84
364,364,16,2024-01-13,2,1046.47,15,1779
365,365,15,2023-02-07,2,710.41,0,1420.82
366,366,28,2023-03-16,1,1114.91,15,947.67
367,367,12,2023-07-18,2,180.96,5,343.82
368,368,41,2023-07-03,2,258.61,5,491.36
369,369,3,2023-12-21,3,90.39,5,257.61
370,370,8,2024-03-12,2,561.12,5,1066.13
371,371,49,2023-06-25,1,1065.96,20,852.77
372,372,11,2024-02-09,3,1144.26,5,3261.14
373,373,37,2024-05-11,3,1028.9,0,3086.7
374,374,27,2024-03-14,3,597.27,5,1702.22
375,375,38,2023-08-31,2,349.42,15,594.01
376,376,48,2024-03-22,1,312.44,15,265.57
377,377,38,2023-04-24,3,1136.58,20,2727.79
378,378,1,2023-08-02,1,67.27,15,57.18
379,379,47,2024-01-29,3,59.67,20,143.21
380,380,26,2023-09-03,3,989.12,15,2522.26
381,381,32,2023-05-04,1,679.01,0,679.01
382,382,45,2024-01-10,2,1140.92,5,2167.75
383,383,23,2023-06-01,1,784.22,0,784.22
384,384,2,2023-09-03,3,379.71,15,968.26
385,385,37,2024-01-18,3,48.81,15,124.47
386,386,30,2024-01-31,1,1051.55,15,893.82
387,387,12,2024-02-09,2,759.64,0,1519.28
388,388,41,2023-02-06,2,1074.25,10,1933.65
389,389,34,2023-01-17,2,522.56,10,940.61
390,390,45,2024-04-29,3,660.07,5,1881.2
391,391,44,2023-02-11,3,1059.4,0,3178.2
392,392,33,2024-04-29,3,449.51,0,1348.53
393,393,8,2023-07-16,2,569.12,0,1138.24
394,394,24,2023-07-07,1,784.84,0,784.84
395,395,36,2023-12-30,1,183.32,10,164.99
396,396,16,2023-10-04,1,785.87,20,628.7
397,397,45,2023-04-18,3,917.85,10,2478.2
398,398,23,2024-04-04,2,614.21,15,1044.16
399,399,18,2023-01-28,1,459.92,15,390.93
400,400,32,2023-09-14,3,998.88,15,2547.14
401,401,46,2023-09-30,3,993.95,10,2683.67
402,402,29,2023-11-14,2,963.89,0,1927.78
403,403,13,2024-04-01,2,123.02,15,209.13
404,404,12,2023-05-28,1,149.05,10,134.15
405,405,8,2023-12-23,1,605.67,5,575.39
406,406,34,2024-05-02,3,46.77,15,119.26
407,407,44,2023-10-05,1,579.21,15,492.33
408,408,29,2024-01-13,3,45.35,5,129.25
409,409,5,2023-01-12,1,1005.24,20,804.19
410,410,42,2023-06-21,2,702.87,10,1265.17
411,411,32,2023-10-31,3,842.3,20,2021.52
412,412,29,2023-08-23,2,689.36,10,1240.85
413,413,11,2024-02-09,2,287.6,10,517.68
414,414,19,2024-01-30,1,195.04,10,175.54
415,415,30,2024-05-04,1,749.98,5,712.48
416,416,46,2023-10-02,2,235.09,5,446.67
417,417,46,2023-12-21,3,957.46,5,2728.76
418,418,16,2023-03-01,1,1192.65,20,954.12
419,419,9,2023-08-14,2,456.21,5,866.8
420,420,36,2023-12-29,1,805.35,10,724.82
421,421,10,2023-07-10,2,657.04,5,1248.38
422,422,35,2023-06-04,1,1106.11,15,940.19
423,423,32,2024-01-29,1,1138.39,10,1024.55
424,424,10,2023-01-03,3,664.45,20,1594.68
425,425,22,2023-11-28,3,368.76,10,995.65
426,426,49,2023-10-21,3,193.56,20,464.54
427,427,47,2024-04-09,2,419.65,0,839.3
428,428,47,2023-09-03,1,184.52,20,147.62
429,429,8,2023-06-07,1,493.92,5,469.22
430,430,29,2023-07-02,1,405.11,20,324.09
431,431,42,2023-04-10,3,641.19,10,1731.21
432,432,13,2023-01-12,1,655.33,15,557.03
433,433,44,2023-12-10,1,1171.49,15,995.77
434,434,13,2023-09-09,2,731.74,20,1170.78
435,435,4,2024-04-10,3,446.06,5,1271.27
436,436,46,2024-03-13,2,456.16,10,821.09
437,437,1,2023-05-26,2,434.6,15,738.82
438,438,36,2023-02-14,1,878.87,15,747.04
439,439,48,2023-08-01,2,360.59,15,613
440,440,47,2024-04-03,2,184.69,20,295.5
441,441,39,2023-02-14,1,265.18,15,225.4
442,442,34,2023-06-21,1,1121.12,20,896.9
443,443,49,2023-07-12,1,27.81,10,25.03
444,444,27,2023-03-31,3,565.3,20,1356.72
445,445,49,2024-04-13,1,255.12,15,216.85
446,446,19,2023-10-11,2,69.83,10,125.69
447,447,38,2023-06-05,2,679.95,15,1155.91
448,448,15,2023-01-14,1,201.75,10,181.58
449,449,41,2024-03-03,3,577.6,10,1559.52
450,450,27,2023-04-02,2,1090.02,5,2071.04
451,451,2,2023-03-03,2,601.8,0,1203.6
452,452,39,2024-01-17,2,705.66,20,1129.06
453,453,28,2024-03-20,2,761.04,15,1293.77
454,454,45,2024-02-23,1,460.38,20,368.3
455,455,2,2024-03-08,2,212.16,0,424.32
456,456,10,2023-06-13,2,1056.41,5,2007.18
457,457,23,2023-03-25,1,341.75,15,290.49
458,458,41,2024-04-11,2,77.48,10,139.46
459,459,34,2023-11-24,1,626.36,5,595.04
460,460,49,2023-02-18,3,908.1,20,2179.44
461,461,21,2024-03-22,2,995.65,10,1792.17
462,462,18,2023-12-17,3,832.25,0,2496.75
463,463,35,2023-10-24,2,991.51,0,1983.02
464,464,9,2023-09-23,2,460.16,15,782.27
465,465,27,2023-06-24,1,140.85,5,133.81
466,466,33,2023-04-24,1,958.23,20,766.58
467,467,40,2023-12-20,3,1018.36,20,2444.06
468,468,45,2024-01-23,1,512.47,0,512.47
469,469,8,2024-02-24,1,1109.62,15,943.18
470,470,23,2023-06-09,3,447.83,15,1141.97
471,471,39,2023-09-25,2,223.2,10,401.76
472,472,2,2024-01-17,1,282.38,5,268.26
473,473,45,2023-04-27,2,167.91,5,319.03
474,474,6,2023-08-06,3,920.37,0,2761.11
475,475,5,2023-01-10,2,913.65,0,1827.3
476,476,13,2023-02-25,1,955.81,20,764.65
477,477,38,2023-01-31,2,160.33,10,288.59
478,478,3,2023-02-03,2,807.75,0,1615.5
479,479,8,2024-04-16,3,262.37,5,747.75
480,480,12,2023-12-10,2,54.53,5,103.61
481,481,48,2024-04-27,2,1139.57,10,2051.23
482,482,23,2023-03-24,3,941.35,20,2259.24
483,483,16,2023-09-16,3,100.64,20,241.54
484,484,49,2023-01-08,3,276.06,5,786.77
485,485,19,2023-03-29,3,25.11,0,75.33
486,486,14,2024-04-16,3,1024.53,15,2612.55
487,487,24,2023-12-24,3,238.45,0,715.35
488,488,12,2024-03-03,2,1177.94,15,2002.5
489,489,14,2023-09-21,1,500.94,10,450.85
490,490,8,2023-08-27,1,633.28,15,538.29
491,491,49,2023-07-04,3,360.16,0,1080.48
492,492,6,2023-06-17,2,156.55,10,281.79
493,493,30,2023-11-04,3,388.17,15,989.83
494,494,15,2023-10-11,2,362.9,15,616.93
495,495,13,2024-03-14,1,1075.81,15,914.44
496,496,44,2023-07-08,1,35.09,15,29.83
497,497,44,2023-02-23,2,536.91,0,1073.82
498,498,8,2023-03-15,2,492.74,20,788.38
499,499,7,2024-01-15,1,96.36,5,91.54
500,500,22,2023-04-13,3,1015.95,15,2590.67
501,501,8,2023-04-30,2,875.74,10,1576.33
502,501,49,2024-01-01,3,720.51,15,1837.3
503,501,23,2023-09-01,3,731.74,15,1865.94
504,501,32,2023-09-19,2,193.9,15,329.63
505,502,7,2023-03-04,2,597.42,5,1135.1
506,502,41,2024-04-27,1,55.07,0,55.07
507,502,5,2023-09-13,3,51.56,5,146.95
508,503,25,2023-11-06,3,405.81,10,1095.69
509,503,40,2023-11-16,1,917,20,733.6
510,503,50,2023-09-10,2,258.28,15,439.08
511,504,32,2023-09-16,2,660.08,20,1056.13
512,504,35,2023-01-10,1,1189.04,0,1189.04
513,504,25,2023-08-19,2,1026.39,15,1744.86
514,505,30,2023-01-19,1,228.71,10,205.84
515,505,46,2023-03-26,2,528.2,10,950.76
516,506,46,2023-07-19,2,921.53,20,1474.45
517,506,44,2023-09-09,3,673.47,20,1616.33
518,507,37,2023-08-29,2,683.46,5,1298.57
519,507,33,2023-01-29,2,330.8,20,529.28
520,507,25,2023-11-12,3,436.26,10,1177.9
521,508,21,2023-02-01,1,716.75,5,680.91
522,508,24,2023-06-28,3,709.08,10,1914.52
523,508,25,2023-02-19,2,427.27,10,769.09
524,508,27,2023-06-29,1,800.26,5,760.25
525,509,16,2023-11-28,2,719.19,0,1438.38
526,509,20,2023-02-28,2,220.34,20,352.54
527,509,21,2023-01-20,2,796.17,15,1353.49
528,509,37,2023-09-21,2,334.61,15,568.84
529,510,38,2023-01-12,2,465.73,15,791.74
530,510,21,2023-10-21,1,973.83,0,973.83
531,510,45,2023-12-12,1,416.44,20,333.15
532,511,49,2023-12-08,2,216.62,10,389.92
533,511,24,2024-05-11,2,258.08,0,516.16
534,511,35,2023-04-20,2,332.88,10,599.18
535,512,37,2023-07-25,1,757,0,757
536,512,46,2024-03-08,3,131.79,10,355.83
537,512,18,2023-02-04,3,965.4,15,2461.77
538,512,28,2023-04-18,2,958.87,10,1725.97
539,513,33,2024-02-16,2,530.83,20,849.33
540,513,21,2023-04-13,2,494.72,20,791.55
541,513,33,2023-08-21,3,920.86,5,2624.45
542,514,2,2023-11-18,3,629.14,5,1793.05
543,514,37,2023-09-13,1,799.75,15,679.79
544,514,18,2024-04-24,3,648.61,20,1556.66
545,514,50,2024-04-09,2,1122.87,0,2245.74
546,515,34,2023-04-13,2,565.73,5,1074.89
547,515,10,2024-01-18,3,923.33,15,2354.49
548,515,27,2023-06-13,1,768.03,15,652.83
549,516,18,2024-02-26,2,782.33,10,1408.19
550,516,44,2023-11-04,1,498.92,0,498.92
551,516,10,2023-04-09,1,309.79,10,278.81
552,516,30,2023-09-06,3,1189.73,15,3033.81
553,517,42,2024-04-08,1,258.35,10,232.52
554,517,9,2023-01-15,2,951.81,10,1713.26
555,517,43,2023-10-09,1,780.27,0,780.27
556,518,47,2023-09-06,1,85.29,0,85.29
557,518,21,2023-11-05,2,1043.26,15,1773.54
558,518,24,2023-12-10,3,1065.15,15,2716.13
559,518,47,2024-03-07,1,298.53,20,238.82
560,519,48,2023-09-14,1,635.91,20,508.73
561,519,50,2024-04-21,3,317.13,0,951.39
562,519,16,2023-11-04,1,932.37,10,839.13
563,520,22,2024-03-02,3,889.94,5,2536.33
564,520,28,2023-04-22,1,146.04,5,138.74
565,521,18,2023-08-14,2,320.08,20,512.13
566,521,4,2023-09-09,3,462.15,0,1386.45
567,521,21,2023-10-07,2,580.33,5,1102.63
568,522,18,2024-03-26,1,448.34,10,403.51
569,522,20,2023-01-11,3,1160.83,20,2785.99
570,522,3,2024-03-06,3,801.42,0,2404.26
571,522,45,2024-04-14,3,302.82,20,726.77
572,523,25,2023-06-08,3,1151.01,10,3107.73
573,523,44,2023-03-04,3,1043,15,2659.65
574,523,25,2023-01-05,2,1114.46,10,2006.03
575,523,20,2023-02-16,1,370.96,5,352.41
576,524,29,2023-11-20,2,1057.77,15,1798.21
577,524,3,2023-05-21,1,991.37,15,842.66
578,524,31,2024-01-13,2,1113.27,10,2003.89
579,525,46,2023-08-05,1,992.79,10,893.51
580,525,33,2023-02-03,2,516.63,20,826.61
581,526,48,2023-06-17,2,840.35,0,1680.7
582,526,42,2023-11-25,1,763.58,5,725.4
583,526,1,2023-07-25,1,761.39,10,685.25
584,527,37,2023-02-12,1,206.23,20,164.98
585,527,46,2024-05-11,3,920.53,20,2209.27
586,527,44,2023-07-30,2,552.76,5,1050.24
587,527,17,2023-03-30,3,719.76,10,1943.35
588,528,19,2023-04-12,1,509.11,5,483.65
589,528,26,2024-03-24,2,1134.81,20,1815.7
590,528,15,2023-01-11,1,1109.27,20,887.42
591,528,41,2023-04-28,1,1169.47,5,1111
592,529,17,2023-12-26,1,78.74,20,62.99
593,529,28,2023-11-04,2,196.12,10,353.02
594,529,11,2024-04-29,3,158.47,20,380.33
595,530,28,2024-01-31,2,996.16,15,1693.47
596,530,8,2023-04-25,3,259.71,10,701.22
597,530,19,2024-01-18,2,470.85,15,800.45
598,531,14,2023-11-04,1,1194.34,10,1074.91
599,531,47,2023-12-13,1,513.63,15,436.59
600,531,10,2023-01-15,2,1171.83,5,2226.48
601,532,40,2023-08-19,1,456.17,15,387.74
602,532,6,2023-01-06,2,177.18,10,318.92
603,532,45,2023-07-23,3,270.42,15,689.57
604,532,46,2023-08-05,3,724.69,0,2174.07
605,533,7,2023-10-13,1,81.49,5,77.42
606,533,31,2024-04-10,2,1196.15,20,1913.84
607,533,46,2024-01-19,1,26.33,20,21.06
608,534,40,2023-07-15,2,1173.48,10,2112.26
609,534,9,2024-05-10,3,68.53,5,195.31
610,534,17,2023-03-28,3,601.55,10,1624.18
611,534,30,2023-03-09,1,394.43,20,315.54
612,535,28,2023-03-14,2,157.87,0,315.74
613,535,9,2023-09-13,2,902.43,15,1534.13
614,535,19,2024-04-07,2,743.26,10,1337.87
615,536,34,2023-06-10,2,1073.35,10,1932.03
616,536,48,2023-09-09,1,675.7,15,574.35
617,536,4,2023-04-07,1,84.39,5,80.17
618,536,3,2023-08-29,2,212.99,15,362.08
619,537,28,2023-03-01,2,68.13,10,122.63
620,537,46,2023-10-15,2,560.16,0,1120.32
621,538,47,2024-03-19,1,165.91,0,165.91
622,538,14,2024-03-20,2,233.17,5,443.02
623,538,48,2023-09-18,2,684.63,20,1095.41
624,538,14,2023-10-26,1,640.7,20,512.56
625,539,12,2023-08-02,1,310.47,15,263.9
626,539,44,2023-02-18,2,50.64,0,101.28
627,540,26,2023-07-11,3,1116.4,0,3349.2
628,540,21,2023-03-20,1,115.65,15,98.3
629,540,30,2023-11-18,2,721.16,0,1442.32
630,540,22,2024-05-11,1,794.28,15,675.14
631,541,21,2024-04-30,3,1199.79,20,2879.5
632,541,9,2023-04-19,1,965.84,10,869.26
633,542,21,2024-02-13,1,897.68,20,718.14
634,542,39,2023-07-15,1,490.65,5,466.12
635,542,16,2024-05-09,2,125.24,5,237.96
636,543,11,2023-07-18,2,356.22,5,676.82
637,543,8,2023-06-02,2,965.3,10,1737.54
638,543,44,2023-11-05,1,443.67,0,443.67
639,543,24,2023-09-20,1,597.76,15,508.1
640,544,31,2023-05-18,3,728.4,0,2185.2
641,544,49,2023-08-05,2,744.36,15,1265.41
642,545,41,2023-08-07,1,67.72,10,60.95
643,545,30,2023-12-13,1,784.18,5,744.97
644,546,32,2023-09-27,3,783.73,0,2351.19
645,546,19,2023-08-28,2,113.44,15,192.85
646,547,20,2023-03-18,1,827.49,10,744.74
647,547,16,2023-09-25,2,368.67,0,737.34
648,547,36,2023-02-09,1,625.83,20,500.66
649,547,28,2023-07-31,1,568.29,20,454.63
650,548,17,2023-07-01,2,710.97,20,1137.55
651,548,2,2023-02-28,3,800.66,5,2281.88
652,548,12,2024-03-07,2,73.41,15,124.8
653,549,46,2023-06-02,2,712.91,15,1211.95
654,549,49,2023-12-10,2,756.1,10,1360.98
655,549,22,2024-05-09,1,269.06,0,269.06
656,550,48,2023-11-06,2,1048.51,0,2097.02
657,550,28,2023-10-01,1,26.9,0,26.9
658,550,1,2023-03-29,3,583,15,1486.65
659,550,43,2024-05-09,3,730.23,15,1862.09
660,551,20,2023-11-13,3,445.66,15,1136.43
661,551,20,2023-02-14,1,179.43,5,170.46
662,551,8,2024-02-22,1,841.32,5,799.25
663,551,2,2023-04-18,2,785.38,5,1492.22
664,552,28,2024-03-07,3,1032.66,20,2478.38
665,552,13,2023-02-14,2,928.27,5,1763.71
666,552,31,2023-08-05,1,157.42,5,149.55
667,552,48,2023-12-26,2,1157.36,15,1967.51
668,553,2,2024-03-16,2,710.57,5,1350.08
669,553,19,2023-10-19,2,80.09,0,160.18
670,553,7,2023-11-19,3,529.51,15,1350.25
671,553,32,2024-01-13,3,723.09,20,1735.42
672,554,19,2023-01-19,2,491.62,20,786.59
673,554,38,2024-01-07,3,1123.63,15,2865.26
674,554,15,2024-01-01,1,643.4,15,546.89
675,554,37,2023-06-11,3,94.94,15,242.1
676,555,31,2023-03-01,2,754.78,10,1358.6
677,555,29,2023-12-24,2,44.55,10,80.19
678,556,47,2023-04-09,2,425.74,5,808.91
679,556,33,2023-04-23,3,1092.7,10,2950.29
680,557,39,2024-03-12,3,795.21,5,2266.35
681,557,19,2024-01-06,3,480.64,15,1225.63
682,557,44,2023-12-01,3,445.1,15,1135.01
683,558,11,2023-11-15,1,353.3,0,353.3
684,558,43,2023-09-05,1,224.48,5,213.26
685,558,39,2023-09-09,1,956.31,15,812.86
686,558,20,2023-05-01,1,677.06,0,677.06
687,559,23,2024-03-27,2,441.31,5,838.49
688,559,12,2024-02-28,3,57.72,0,173.16
689,560,22,2023-08-09,1,748.72,0,748.72
690,560,36,2023-04-25,2,324.23,10,583.61
691,561,23,2024-01-29,1,928.71,20,742.97
692,561,18,2024-04-03,1,1027.02,20,821.62
693,562,39,2023-12-09,1,853.56,15,725.53
694,562,30,2024-05-07,1,1170.1,20,936.08
695,562,40,2024-02-05,1,991.86,0,991.86
696,563,33,2023-02-23,1,763.31,5,725.14
697,563,24,2023-03-22,3,364.71,15,930.01
698,563,49,2023-09-17,2,884.41,0,1768.82
699,563,10,2023-11-28,2,414.84,5,788.2
700,564,8,2024-03-10,1,538.15,15,457.43
701,564,50,2024-01-29,1,309.47,15,263.05
702,564,22,2023-05-27,3,222.09,10,599.64
703,565,24,2024-01-02,2,445.56,5,846.56
704,565,10,2024-01-21,3,517.63,5,1475.25
705,566,9,2024-02-15,2,507.82,15,863.29
706,566,30,2024-05-02,3,957.64,10,2585.63
707,567,2,2023-08-15,1,928.78,20,743.02
708,567,5,2023-02-13,2,391.47,5,743.79
709,567,28,2023-02-01,2,915.85,5,1740.12
710,568,37,2023-01-30,3,1176.46,20,2823.5
711,568,19,2023-08-03,2,1065.22,20,1704.35
712,569,20,2024-01-05,3,390.16,10,1053.43
713,569,1,2024-02-28,2,1082.25,20,1731.6
714,569,10,2023-12-25,2,546.5,5,1038.35
715,570,35,2023-11-16,3,789.4,10,2131.38
716,570,42,2023-07-27,1,1059.55,0,1059.55
717,571,3,2023-10-03,2,480.19,5,912.36
718,571,34,2023-10-04,2,272.21,20,435.54
719,571,36,2023-06-09,3,422.04,5,1202.81
720,571,2,2023-01-15,3,719.15,5,2049.58
721,572,50,2023-06-05,3,518.84,20,1245.22
722,572,8,2024-01-10,1,1013.07,10,911.76
723,573,41,2023-09-17,2,166.1,0,332.2
724,573,29,2023-06-02,3,889.49,15,2268.2
725,573,22,2023-05-01,3,1187.02,20,2848.85
726,573,46,2024-04-02,3,805.31,20,1932.74
727,574,15,2023-06-29,2,355.75,20,569.2
728,574,44,2023-03-13,3,465.65,5,1327.1
729,574,7,2023-06-17,3,707.2,10,1909.44
730,575,30,2023-02-20,1,859.74,15,730.78
731,575,6,2023-02-17,1,521.37,5,495.3
732,575,31,2023-04-20,2,112.13,20,179.41
733,576,26,2023-10-29,3,632.36,15,1612.52
734,576,17,2023-10-27,2,771.02,15,1310.73
735,576,45,2024-04-21,2,883.43,15,1501.83
736,576,11,2023-03-15,3,170.01,15,433.53
737,577,9,2024-05-10,3,625.56,20,1501.34
738,577,8,2023-12-22,1,557.41,0,557.41
739,577,48,2023-03-22,3,455.81,0,1367.43
740,577,39,2024-03-12,2,150.2,10,270.36
741,578,37,2023-05-29,1,636.88,0,636.88
742,578,24,2023-06-06,2,377.85,15,642.35
743,578,2,2024-02-10,1,187.72,20,150.18
744,578,27,2023-01-25,2,1069.09,5,2031.27
745,579,12,2024-02-24,3,596.78,0,1790.34
746,579,36,2023-06-28,1,1047.1,15,890.03
747,579,31,2023-10-21,2,687.6,10,1237.68
748,580,25,2023-09-01,3,1003.75,5,2860.69
749,580,49,2023-03-12,3,771.02,15,1966.1
750,580,43,2023-08-18,1,1042.29,10,938.06
751,580,6,2024-02-14,3,804.11,15,2050.48
752,581,25,2023-04-30,2,420.02,0,840.04
753,581,43,2024-03-31,2,888.38,0,1776.76
754,581,11,2023-12-29,1,694.95,10,625.46
755,581,36,2023-11-27,1,779.82,0,779.82
756,582,13,2024-05-04,3,659.36,0,1978.08
757,582,37,2023-09-25,1,905.66,20,724.53
758,583,2,2023-03-03,3,1124.69,5,3205.37
759,583,2,2023-05-21,1,309.44,20,247.55
760,584,29,2023-02-13,3,736.09,15,1877.03
761,584,38,2023-01-24,2,1037.13,0,2074.26
762,584,22,2023-08-12,1,509.62,20,407.7
763,584,21,2023-07-15,2,127.41,0,254.82
764,585,35,2023-03-28,2,189.96,10,341.93
765,585,50,2023-02-15,1,382.02,15,324.72
766,585,44,2023-03-28,1,745.08,10,670.57
767,586,12,2023-01-14,3,89.03,15,227.03
768,586,7,2023-06-13,1,507.13,10,456.42
769,586,17,2023-07-12,1,81.22,5,77.16
770,587,49,2023-11-02,3,299.06,20,717.74
771,587,49,2023-09-16,2,1140.24,10,2052.43
772,588,4,2023-06-12,2,672.68,0,1345.36
773,588,31,2023-01-15,2,767.58,0,1535.16
774,589,18,2023-10-11,3,816.61,5,2327.34
775,589,49,2023-10-12,3,946.55,10,2555.68
776,589,37,2023-07-28,2,119.01,20,190.42
777,589,14,2024-02-05,1,460.5,5,437.47
778,590,16,2023-10-03,2,1154.4,20,1847.04
779,590,29,2023-01-22,1,978.92,20,783.14
780,590,19,2023-12-01,1,20.64,15,17.54
781,590,18,2023-11-03,2,1010.6,15,1718.02
782,591,23,2024-03-07,3,271.05,20,650.52
783,591,19,2023-01-24,1,892.24,20,713.79
784,591,5,2023-06-03,1,486.46,0,486.46
785,592,9,2024-01-07,3,1198.61,15,3056.46
786,592,14,2023-11-09,3,1149.75,10,3104.33
787,593,44,2024-04-29,2,769.5,15,1308.15
788,593,18,2023-05-06,3,1179.97,10,3185.92
789,594,14,2023-08-24,3,407.58,5,1161.6
790,594,42,2024-04-17,1,738.37,0,738.37
791,594,1,2023-12-11,1,507.53,15,431.4
792,594,49,2023-07-21,3,115.76,0,347.28
793,595,35,2023-01-16,3,545.31,0,1635.93
794,595,23,2024-05-12,2,996.41,10,1793.54
795,595,25,2023-04-01,3,1180.88,0,3542.64
796,595,30,2023-07-09,1,544.6,5,517.37
797,596,48,2023-01-11,2,823.05,10,1481.49
798,596,13,2023-02-16,3,757.78,5,2159.67
799,596,15,2023-09-10,2,63.42,15,107.81
800,596,46,2023-12-28,3,266.72,5,760.15
801,597,41,2023-07-22,1,1046.5,20,837.2
802,597,33,2023-09-10,1,671.11,20,536.89
803,597,44,2023-12-16,3,686.87,0,2060.61
804,597,38,2023-03-07,3,96.76,10,261.25
805,598,37,2024-03-14,1,1059.58,10,953.62
806,598,13,2024-03-10,3,47.28,20,113.47
807,599,40,2023-05-10,3,680.94,15,1736.4
808,599,1,2024-04-25,2,776.34,0,1552.68
809,599,21,2023-08-10,2,343.36,20,549.38
810,599,30,2023-09-11,2,630.36,0,1260.72
811,600,47,2023-04-25,1,347.96,15,295.77
812,600,35,2023-08-18,2,26.09,5,49.57
813,601,22,2023-02-11,3,973.05,5,2773.19
814,601,45,2023-08-05,1,1102.05,5,1046.95
815,601,11,2023-06-18,2,94.16,0,188.32
816,601,2,2023-09-03,2,973.51,20,1557.62
817,602,41,2024-04-23,2,1011.8,5,1922.42
818,602,7,2023-08-31,1,1151.39,0,1151.39
819,603,22,2023-09-24,1,1133.39,20,906.71
820,603,40,2023-08-13,1,757.91,20,606.33
821,603,8,2023-02-13,1,1101.72,15,936.46
822,604,21,2024-03-31,3,96.73,5,275.68
823,604,4,2024-04-15,2,84.65,20,135.44
824,605,41,2023-08-10,1,140.16,0,140.16
825,605,36,2023-01-27,2,1022.92,15,1738.96
826,605,7,2023-11-13,2,295.07,20,472.11
827,605,43,2023-11-16,1,555.03,15,471.78
828,606,28,2024-03-26,3,750.69,10,2026.86
829,606,42,2024-04-25,3,943.86,15,2406.84
830,607,34,2023-06-18,3,247.13,0,741.39
831,607,1,2023-11-01,3,99.7,5,284.14
832,608,37,2023-03-06,3,620.5,10,1675.35
833,608,27,2023-09-04,3,752.6,5,2144.91
834,609,16,2023-03-12,1,91.38,10,82.24
835,609,38,2023-08-12,3,1152.49,10,3111.72
836,609,20,2023-10-26,3,935.08,5,2664.98
837,610,31,2023-06-08,3,424.62,10,1146.47
838,610,1,2023-09-23,3,796.06,5,2268.77
839,610,4,2023-05-02,3,986.64,20,2367.94
840,611,4,2023-08-05,2,250.58,5,476.1
841,611,41,2024-04-10,1,946.61,10,851.95
842,611,13,2023-12-08,2,839.84,15,1427.73
843,612,39,2023-12-21,2,1025.37,20,1640.59
844,612,22,2023-11-12,2,514.06,5,976.71
845,612,7,2023-08-21,1,605.2,0,605.2
846,612,41,2023-04-25,3,291.72,20,700.13
847,613,14,2023-05-03,2,886.81,10,1596.26
848,613,48,2023-07-12,1,492.37,0,492.37
849,613,24,2023-01-06,1,442.31,20,353.85
850,614,8,2023-03-14,2,539.68,20,863.49
851,614,49,2023-07-04,1,1170.86,5,1112.32
852,614,13,2023-05-26,1,278.36,10,250.52
853,615,47,2023-03-31,2,1020.09,5,1938.17
854,615,12,2023-04-11,1,227.77,10,204.99
855,615,7,2023-01-11,3,181.95,0,545.85
856,615,22,2024-04-24,1,379.99,5,360.99
857,616,24,2024-02-19,2,799.87,20,1279.79
858,616,40,2024-03-27,2,1056.5,0,2113
859,617,8,2023-03-15,1,957.98,5,910.08
860,617,35,2023-07-13,3,461.62,20,1107.89
861,617,28,2024-05-15,3,308.57,0,925.71
862,617,49,2023-11-12,3,243.14,20,583.54
863,618,19,2024-02-09,1,406.66,0,406.66
864,618,41,2024-02-12,2,1049.96,20,1679.94
865,619,38,2024-03-29,2,266.9,0,533.8
866,619,31,2024-02-09,3,745.57,5,2124.87
867,619,33,2023-07-18,3,906.34,10,2447.12
868,619,32,2023-09-23,2,231.22,10,416.2
869,620,34,2023-12-22,2,864.47,15,1469.6
870,620,31,2023-05-18,3,493.12,20,1183.49
871,620,42,2023-01-19,1,279.04,5,265.09
872,620,29,2024-03-17,1,487.16,10,438.44
873,621,28,2024-03-31,2,694.22,10,1249.6
874,621,17,2023-10-09,1,178.51,0,178.51
875,622,19,2023-08-16,3,434.86,20,1043.66
876,622,3,2023-08-27,3,752.93,15,1919.97
877,623,29,2023-08-28,2,502.56,15,854.35
878,623,21,2023-05-20,2,49.17,15,83.59
879,623,15,2023-05-16,3,109.55,0,328.65
880,623,19,2024-03-07,3,625.09,0,1875.27
881,624,18,2024-04-19,1,136.12,0,136.12
882,624,24,2023-01-20,3,256.36,5,730.63
883,624,44,2023-06-18,2,377.2,10,678.96
884,625,13,2023-12-28,3,1197.63,20,2874.31
885,625,17,2023-01-05,2,352.58,10,634.64
886,625,26,2024-04-29,2,989.8,0,1979.6
887,625,31,2023-12-01,3,1187.34,5,3383.92
888,626,26,2023-04-27,1,873.54,5,829.86
889,626,31,2023-04-30,3,712.66,20,1710.38
890,626,49,2023-08-28,3,980.99,10,2648.67
891,626,6,2023-06-10,1,525.98,15,447.08
892,627,14,2023-08-13,2,1026.47,0,2052.94
893,627,24,2023-03-13,3,1051.03,10,2837.78
894,627,48,2023-01-05,2,976.27,10,1757.29
895,627,22,2023-04-26,2,522.35,15,888
896,628,49,2024-02-03,3,654.37,10,1766.8
897,628,38,2023-01-12,3,946.72,5,2698.15
898,628,10,2024-05-15,2,690.47,20,1104.75
899,629,39,2023-10-21,2,1176.6,5,2235.54
900,629,26,2023-02-02,3,475.99,15,1213.77
901,629,7,2023-06-18,3,1155.09,10,3118.74
902,630,6,2023-03-29,1,816.36,5,775.54
903,630,3,2024-02-28,3,731.97,0,2195.91
904,630,12,2023-04-12,1,1095.39,15,931.08
905,631,19,2023-04-16,1,363.5,20,290.8
906,631,5,2023-08-21,1,455.01,0,455.01
907,632,11,2023-06-17,2,481.5,0,963
908,632,9,2023-10-02,2,584.34,0,1168.68
909,632,25,2024-05-04,1,173.32,5,164.65
910,632,20,2023-08-10,3,804.46,5,2292.71
911,633,39,2023-10-22,2,713.24,20,1141.18
912,633,46,2023-12-17,2,345.02,0,690.04
913,634,10,2023-08-17,1,993.01,20,794.41
914,634,16,2023-09-27,2,1094.16,15,1860.07
915,634,30,2023-08-25,3,66.12,0,198.36
916,635,19,2023-11-27,2,429.2,10,772.56
917,635,26,2023-11-10,1,509.76,5,484.27
918,635,40,2024-01-11,2,560.24,5,1064.46
919,636,45,2023-10-19,1,484.39,0,484.39
920,636,16,2024-03-29,1,343.06,20,274.45
921,636,19,2023-12-08,1,843.69,5,801.51
922,636,32,2023-07-30,3,163.05,10,440.24
923,637,5,2024-01-22,1,615.19,10,553.67
924,637,27,2023-08-19,1,318.26,20,254.61
925,638,3,2023-08-25,1,106.37,15,90.41
926,638,25,2023-06-25,3,491.22,5,1399.98
927,638,26,2023-01-20,1,315.71,5,299.92
928,639,21,2023-12-10,3,567.81,15,1447.92
929,639,5,2023-02-12,3,795.29,15,2027.99
930,640,9,2023-08-30,2,1013.04,5,1924.78
931,640,2,2023-11-07,1,229.14,0,229.14
932,640,35,2024-01-15,2,218.77,0,437.54
933,641,44,2023-05-20,1,539.98,5,512.98
934,641,14,2024-01-01,1,1073.37,20,858.7
935,641,14,2023-08-15,3,76.35,20,183.24
936,641,42,2023-12-06,3,798.85,0,2396.55
937,642,25,2023-12-20,2,543.9,20,870.24
938,642,1,2023-01-25,2,925.19,5,1757.86
939,643,24,2024-04-10,1,255.98,0,255.98
940,643,27,2023-01-15,1,417.8,5,396.91
941,643,44,2023-12-09,1,280.27,0,280.27
942,643,43,2023-03-27,3,217.12,15,553.66
943,644,33,2023-02-25,2,400.76,5,761.44
944,644,40,2023-04-17,3,486.18,15,1239.76
945,645,8,2023-04-29,1,144.94,10,130.45
946,645,12,2023-01-08,2,791.71,0,1583.42
947,645,25,2023-04-19,2,279.71,10,503.48
948,645,42,2023-11-16,2,71.85,5,136.51
949,646,27,2023-06-04,3,609.5,0,1828.5
950,646,46,2023-10-02,3,222.32,0,666.96
951,646,39,2023-06-16,3,841.65,5,2398.7
952,647,22,2023-03-31,3,918.83,10,2480.84
953,647,43,2023-09-04,1,415.42,20,332.34
954,647,38,2023-08-18,2,623.01,5,1183.72
955,648,33,2023-10-28,3,1186.29,5,3380.93
956,648,2,2023-11-12,1,384.44,15,326.77
957,649,49,2023-05-05,3,113.68,5,323.99
958,649,24,2023-09-13,2,258.37,15,439.23
959,649,14,2023-11-25,1,300.92,20,240.74
960,649,29,2024-01-14,2,178.44,10,321.19
961,650,42,2024-02-07,1,634.63,15,539.44
962,650,42,2024-02-21,2,905.65,5,1720.73
963,650,47,2023-06-19,2,305.85,20,489.36
964,651,4,2024-04-09,3,1186.28,5,3380.9
965,651,39,2024-03-22,2,635.34,5,1207.15
966,651,29,2023-11-19,1,96.25,15,81.81
967,651,5,2024-05-03,1,81.49,5,77.42
968,652,14,2023-03-06,1,224.94,20,179.95
969,652,14,2023-05-01,3,112.23,15,286.19
970,652,20,2023-03-26,3,253.09,15,645.38
971,652,12,2023-11-07,1,377.66,20,302.13
972,653,29,2024-05-10,3,257.65,15,657.01
973,653,6,2024-05-01,2,489.93,5,930.87
974,653,31,2023-08-14,2,616.25,15,1047.62
975,654,49,2023-03-21,2,43.38,15,73.75
976,654,28,2024-03-13,1,915.45,10,823.91
977,654,39,2023-10-03,1,672.37,5,638.75
978,654,17,2023-07-14,2,380.9,10,685.62
979,655,25,2023-10-15,3,587.4,10,1585.98
980,655,9,2024-01-02,2,250.94,5,476.79
981,655,1,2023-01-07,3,881.83,10,2380.94
982,656,32,2023-07-27,2,1129.54,10,2033.17
983,656,25,2023-09-08,2,776.44,20,1242.3
984,656,5,2023-07-29,1,1191.12,0,1191.12
985,657,25,2024-04-22,3,211.59,15,539.55
986,657,17,2024-01-30,3,431.32,15,1099.87
987,657,41,2023-12-19,2,841.82,15,1431.09
988,657,28,2024-01-12,1,305.98,0,305.98
989,658,24,2023-11-20,3,818.18,5,2331.81
990,658,17,2023-11-06,2,1134.23,5,2155.04
991,658,17,2023-05-07,3,702.44,5,2001.95
992,659,1,2023-03-01,1,780.39,15,663.33
993,659,26,2023-12-28,3,1169.49,0,3508.47
994,660,34,2024-04-10,1,1053.69,5,1001.01
995,660,28,2023-05-10,3,376.62,20,903.89
996,660,43,2024-03-29,2,711.57,15,1209.67
997,661,49,2024-03-24,3,1045.91,0,3137.73
998,661,41,2023-10-21,2,980.79,10,1765.42
999,661,48,2023-04-18,3,489.6,10,1321.92
1000,662,1,2023-03-28,2,21.86,0,43.72
1001,662,50,2023-12-23,2,639.46,10,1151.03
1002,662,47,2023-08-09,1,228.15,5,216.74
1003,662,46,2023-03-10,1,594.04,20,475.23
1004,663,8,2023-08-19,3,980.96,5,2795.74
1005,663,13,2023-01-31,3,235.62,5,671.52
1006,663,17,2024-04-06,2,540.06,20,864.1
1007,664,7,2024-03-20,3,216.03,10,583.28
1008,664,6,2023-07-13,1,346.58,10,311.92
1009,664,2,2023-10-27,1,583.92,0,583.92
1010,664,1,2023-02-01,2,907.12,0,1814.24
1011,665,43,2023-10-26,1,134.27,20,107.42
1012,665,1,2023-07-12,3,633.69,10,1710.96
1013,666,32,2023-08-31,2,733.16,10,1319.69
1014,666,24,2023-12-16,2,1199.35,5,2278.76
1015,666,24,2023-12-07,2,466.55,0,933.1
1016,667,23,2024-03-23,2,971.4,0,1942.8
1017,667,30,2024-03-21,3,494.13,5,1408.27
1018,668,2,2023-11-05,1,1045.43,10,940.89
1019,668,45,2024-01-20,1,454.75,20,363.8
1020,668,44,2023-12-04,2,627.6,5,1192.44
1021,669,1,2023-11-23,2,39.62,10,71.32
1022,669,3,2024-05-11,3,404.12,15,1030.51
1023,670,15,2023-11-07,2,492.19,20,787.5
1024,670,6,2023-06-28,2,1128.12,15,1917.8
1025,670,43,2024-03-14,3,1088.14,15,2774.76
1026,671,19,2023-11-07,1,860.09,20,688.07
1027,671,37,2024-02-06,3,615.47,5,1754.09
1028,671,32,2024-02-12,1,375.59,20,300.47
1029,671,30,2023-03-28,2,1146.96,15,1949.83
1030,672,43,2023-10-04,1,307.16,5,291.8
1031,672,49,2024-04-28,3,845.89,0,2537.67
1032,673,28,2024-01-02,1,209.08,10,188.17
1033,673,25,2024-01-28,2,280.04,10,504.07
1034,673,43,2023-09-01,3,165.26,5,470.99
1035,673,35,2023-11-21,3,600.51,10,1621.38
1036,674,15,2024-04-22,3,924.28,20,2218.27
1037,674,5,2023-11-26,2,464.87,15,790.28
1038,674,42,2023-11-25,3,1160.17,15,2958.43
1039,674,15,2023-04-25,2,156.51,0,313.02
1040,675,8,2023-02-15,2,893.89,5,1698.39
1041,675,48,2024-04-27,1,695.95,5,661.15
1042,676,21,2024-05-03,2,700.76,0,1401.52
1043,676,20,2023-02-01,3,652.01,15,1662.63
1044,676,28,2023-06-13,2,961.07,5,1826.03
1045,677,34,2023-12-06,3,717.12,0,2151.36
1046,677,26,2023-01-05,3,1025.79,10,2769.63
1047,677,10,2024-02-22,2,1007.92,15,1713.46
1048,678,44,2023-08-22,1,729.73,5,693.24
1049,678,48,2023-12-07,3,60.53,10,163.43
1050,678,20,2023-09-15,3,165.69,20,397.66
1051,679,31,2023-11-20,1,604.13,15,513.51
1052,679,4,2024-02-19,2,200.19,5,380.36
1053,679,47,2024-04-23,1,846.48,0,846.48
1054,679,50,2023-04-02,2,878.33,10,1580.99
1055,680,43,2024-04-12,1,1189.45,20,951.56
1056,680,26,2023-06-22,2,819.92,10,1475.86
1057,680,49,2023-07-20,2,104.75,10,188.55
1058,680,19,2023-12-23,1,847.31,20,677.85
1059,681,26,2023-02-19,1,401.63,20,321.3
1060,681,4,2024-03-11,3,378.81,5,1079.61
1061,682,37,2023-03-12,2,841.23,10,1514.21
1062,682,10,2023-04-18,1,969.14,5,920.68
1063,682,48,2023-11-30,1,447.43,20,357.94
1064,682,7,2023-12-14,1,464.34,15,394.69
1065,683,44,2024-03-06,1,1112.66,0,1112.66
1066,683,23,2024-05-13,2,231.97,0,463.94
1067,683,8,2023-09-21,3,419.41,15,1069.5
1068,684,10,2023-11-18,3,496.71,0,1490.13
1069,684,8,2023-05-04,2,596.58,20,954.53
1070,685,12,2023-12-01,3,462.94,0,1388.82
1071,685,50,2023-08-26,3,470.88,15,1200.74
1072,685,24,2023-01-06,1,157.62,0,157.62
1073,686,32,2023-11-25,3,1092,5,3112.2
1074,686,2,2023-10-28,3,1185.07,15,3021.93
1075,687,18,2023-12-22,3,131.57,20,315.77
1076,687,12,2023-07-16,2,1199.95,15,2039.91
1077,687,20,2023-10-20,1,137.34,0,137.34
1078,688,46,2024-04-10,3,238.17,0,714.51
1079,688,26,2023-10-12,3,944.5,20,2266.8
1080,688,32,2023-02-02,3,1007.83,20,2418.79
1081,688,46,2024-02-24,3,166.43,5,474.33
1082,689,43,2024-04-04,1,233.18,20,186.54
1083,689,45,2023-04-03,1,674.57,10,607.11
1084,689,8,2023-01-21,1,698.6,5,663.67
1085,689,6,2023-10-15,2,1024.71,0,2049.42
1086,690,6,2023-03-05,3,372.32,20,893.57
1087,690,11,2023-08-05,3,20.1,10,54.27
1088,690,3,2024-04-29,3,1087.45,10,2936.12
1089,691,43,2023-10-01,2,185.03,15,314.55
1090,691,45,2023-06-10,3,1094.72,10,2955.74
1091,692,39,2023-10-03,3,267.61,0,802.83
1092,692,43,2024-02-24,1,299.78,5,284.79
1093,692,10,2023-06-03,1,1149.76,20,919.81
1094,692,36,2023-04-21,3,443.7,5,1264.54
1095,693,47,2023-11-15,2,107.74,10,193.93
1096,693,17,2023-07-15,3,1086.32,15,2770.12
1097,694,30,2023-02-12,2,818.3,5,1554.77
1098,694,35,2023-04-15,1,762.89,10,686.6
1099,694,41,2023-12-23,3,247.3,10,667.71
1100,695,37,2023-12-03,3,988.2,20,2371.68
1101,695,11,2023-08-03,1,393.31,15,334.31
1102,695,25,2023-01-14,3,312.05,10,842.54
1103,696,8,2023-09-30,1,827.1,15,703.03
1104,696,5,2023-06-18,3,124.99,10,337.47
1105,696,50,2023-05-20,1,1045.25,5,992.99
1106,697,18,2023-01-06,1,465.04,5,441.79
1107,697,25,2024-05-02,1,943.63,0,943.63
1108,698,12,2023-09-27,3,1053.1,20,2527.44
1109,698,32,2023-02-18,3,431.7,20,1036.08
1110,698,19,2023-10-10,2,736.81,0,1473.62
1111,698,11,2023-06-12,2,233.19,20,373.1
1112,699,36,2023-11-01,2,582.7,5,1107.13
1113,699,17,2023-01-05,3,626.01,5,1784.13
1114,699,43,2023-03-06,1,466.98,10,420.28
1115,700,4,2024-04-15,3,774.25,10,2090.47
1116,700,46,2024-02-03,1,820.29,15,697.25
1117,701,46,2023-08-23,1,537.97,10,484.17
1118,701,30,2023-09-15,2,345.47,15,587.3
1119,701,34,2024-04-27,3,1060.04,5,3021.11
1120,701,20,2023-11-22,1,1138,15,967.3
1121,702,50,2023-06-10,1,768.92,0,768.92
1122,702,47,2023-05-03,1,214.83,0,214.83
1123,702,6,2024-01-16,2,673.91,15,1145.65
1124,702,1,2024-05-07,2,818.9,5,1555.91
1125,703,31,2023-09-12,3,828.44,20,1988.26
1126,703,45,2023-03-05,2,36.4,5,69.16
1127,704,48,2023-01-04,3,521.48,20,1251.55
1128,704,48,2023-06-26,1,1193.18,20,954.54
1129,704,44,2023-11-08,1,736.7,5,699.87
1130,705,44,2024-04-21,3,1086.48,5,3096.47
1131,705,5,2023-07-07,1,626.15,0,626.15
1132,705,28,2023-09-11,2,221.17,0,442.34
1133,705,22,2024-04-12,3,314.72,20,755.33
1134,706,50,2024-03-15,1,362.28,15,307.94
1135,706,19,2023-05-16,1,22.64,20,18.11
1136,707,26,2023-04-22,2,1116.35,20,1786.16
1137,707,3,2024-04-23,2,1073.14,15,1824.34
1138,708,4,2023-07-02,1,746.33,10,671.7
1139,708,20,2023-07-01,1,26.08,5,24.78
1140,708,26,2023-07-01,1,139.58,15,118.64
1141,708,13,2023-02-13,3,626.9,5,1786.66
1142,709,27,2023-03-05,2,28.15,10,50.67
1143,709,15,2023-08-29,2,461.69,10,831.04
1144,710,28,2024-04-01,1,652.98,10,587.68
1145,710,7,2023-08-13,3,1010.44,5,2879.75
1146,710,9,2023-07-01,3,532.07,10,1436.59
1147,711,46,2023-04-12,1,243.69,0,243.69
1148,711,9,2023-07-22,2,897.83,0,1795.66
1149,712,11,2023-12-08,1,1139.08,10,1025.17
1150,712,8,2023-08-04,2,669.15,5,1271.38
1151,713,21,2024-01-20,2,612.19,15,1040.72
1152,713,9,2023-02-26,1,955.4,5,907.63
1153,714,10,2023-06-26,3,36.11,5,102.91
1154,714,4,2023-12-14,2,527,20,843.2
1155,715,48,2023-01-05,2,586.63,10,1055.93
1156,715,32,2023-02-12,2,312.34,5,593.45
1157,715,47,2023-09-19,1,314.37,0,314.37
1158,715,17,2023-12-25,1,806.27,15,685.33
1159,716,13,2023-08-31,3,943.61,0,2830.83
1160,716,45,2024-01-09,3,741.1,5,2112.14
1161,716,38,2023-11-19,3,195.5,0,586.5
1162,717,9,2023-07-25,1,343.16,5,326
1163,717,10,2023-08-07,1,747.43,0,747.43
1164,718,4,2023-07-14,2,639.47,5,1214.99
1165,718,15,2023-06-22,2,585.45,20,936.72
1166,719,28,2023-11-26,1,379.06,10,341.15
1167,719,24,2023-05-24,2,859.67,5,1633.37
1168,720,21,2024-04-03,1,234.47,0,234.47
1169,720,4,2023-12-05,3,399.53,10,1078.73
1170,721,31,2023-05-24,3,138.9,5,395.87
1171,721,17,2024-04-30,2,449.03,10,808.25
1172,721,8,2023-02-19,3,36.12,20,86.69
1173,721,50,2024-03-17,1,410.83,10,369.75
1174,722,48,2024-02-03,3,644.06,10,1738.96
1175,722,16,2023-11-29,2,267.84,15,455.33
1176,722,6,2024-03-30,1,173.97,20,139.18
1177,722,8,2023-01-22,3,1162.63,5,3313.5
1178,723,13,2023-12-27,2,1112.09,0,2224.18
1179,723,35,2023-11-13,2,375.74,15,638.76
1180,723,49,2023-04-14,3,870.51,0,2611.53
1181,724,9,2023-04-09,2,669.58,10,1205.24
1182,724,49,2024-03-12,3,1170.65,10,3160.76
1183,724,29,2023-11-19,3,158.57,15,404.35
1184,724,5,2023-09-05,2,638.04,20,1020.86
1185,725,2,2023-03-27,3,343.5,5,978.97
1186,725,19,2023-01-24,3,91.74,5,261.46
1187,726,48,2024-02-22,2,604.13,20,966.61
1188,726,33,2024-05-12,1,215.31,20,172.25
1189,726,25,2023-10-15,2,493,10,887.4
1190,726,14,2023-04-05,1,208.8,5,198.36
1191,727,38,2023-12-23,1,1057.4,20,845.92
1192,727,30,2023-09-15,3,870.28,10,2349.76
1193,728,20,2024-03-12,1,369.71,10,332.74
1194,728,36,2023-03-02,1,284.24,20,227.39
1195,728,16,2023-05-30,1,774.75,10,697.27
1196,729,9,2023-05-19,1,778.05,5,739.15
1197,729,14,2023-10-01,1,21.65,10,19.48
1198,729,41,2023-11-06,2,402.98,20,644.77
1199,730,17,2024-01-05,1,501.84,20,401.47
1200,730,19,2023-06-16,1,758.63,0,758.63
1201,730,23,2023-04-23,3,1158.97,5,3303.06
1202,730,17,2024-05-12,1,654.12,20,523.3
1203,731,7,2024-01-05,3,831.98,10,2246.35
1204,731,41,2023-11-21,3,670.04,15,1708.6
1205,731,15,2023-06-16,2,260.62,15,443.05
1206,732,10,2023-08-17,1,881.18,15,749
1207,732,24,2023-03-17,2,130.56,5,248.06
1208,732,30,2023-04-05,1,242.85,15,206.42
1209,733,47,2023-04-03,3,352.81,10,952.59
1210,733,11,2024-03-29,1,984.65,20,787.72
1211,733,13,2023-02-05,1,105.02,5,99.77
1212,733,30,2024-04-10,3,1165.05,0,3495.15
1213,734,47,2023-09-27,1,877.58,0,877.58
1214,734,39,2023-02-21,2,473.11,0,946.22
1215,734,1,2024-01-26,3,1122.92,5,3200.32
1216,735,16,2024-01-30,1,335.83,20,268.66
1217,735,1,2024-02-10,1,1149.99,0,1149.99
1218,735,35,2024-01-12,2,1026.21,0,2052.42
1219,736,13,2023-03-13,2,916.41,15,1557.9
1220,736,11,2023-06-07,2,585.11,5,1111.71
1221,737,4,2023-10-06,3,335.6,20,805.44
1222,737,8,2023-01-11,1,141.32,10,127.19
1223,737,7,2023-09-19,2,187.37,5,356
1224,737,2,2023-04-27,2,474.75,10,854.55
1225,738,42,2023-05-27,1,1107.6,15,941.46
1226,738,44,2024-03-28,3,990.89,0,2972.67
1227,738,32,2023-03-28,1,284.94,10,256.45
1228,739,23,2023-02-09,3,413.8,10,1117.26
1229,739,6,2024-04-03,1,733.32,5,696.65
1230,739,28,2023-09-29,2,727.54,15,1236.82
1231,740,10,2024-04-02,3,830.85,20,1994.04
1232,740,19,2023-06-28,1,339.89,15,288.91
1233,741,43,2023-07-08,2,976.65,0,1953.3
1234,741,1,2024-03-17,1,937.79,5,890.9
1235,741,21,2023-03-17,2,547.1,15,930.07
1236,741,5,2023-02-27,3,524.39,10,1415.85
1237,742,10,2023-02-16,2,1193.83,5,2268.28
1238,742,50,2023-07-17,2,396.79,15,674.54
1239,743,31,2023-12-22,2,730.06,10,1314.11
1240,743,9,2024-02-15,3,1107.49,15,2824.1
1241,744,27,2023-10-09,2,655.72,15,1114.72
1242,744,35,2023-10-02,1,473.86,20,379.09
1243,744,46,2023-08-04,3,701.89,5,2000.39
1244,744,45,2023-02-14,1,446.82,5,424.48
1245,745,2,2023-07-05,3,579.23,5,1650.81
1246,745,8,2023-01-31,2,445.81,5,847.04
1247,745,19,2023-08-24,1,1005.6,20,804.48
1248,746,27,2023-05-05,1,996.83,0,996.83
1249,746,48,2023-03-12,1,1155.22,5,1097.46
1250,746,25,2024-01-11,1,841.42,15,715.21
1251,747,24,2023-01-28,3,145.09,20,348.22
1252,747,5,2023-09-02,3,1047.16,0,3141.48
1253,747,10,2023-07-07,1,113.21,0,113.21
1254,747,1,2023-10-19,2,196.67,5,373.67
1255,748,31,2024-01-16,1,902.77,10,812.49
1256,748,31,2023-07-30,3,418.06,0,1254.18
1257,749,19,2023-02-26,1,90.8,0,90.8
1258,749,39,2024-01-20,1,613.89,0,613.89
1259,749,26,2024-03-02,2,822.29,15,1397.89
1260,749,36,2023-12-31,2,1104.6,20,1767.36
1261,750,20,2023-12-30,1,519.93,5,493.93
1262,750,18,2024-05-13,1,635.37,5,603.6
1263,750,48,2023-04-19,2,750.47,5,1425.89
1264,751,26,2023-04-05,3,1171.67,20,2812.01
1265,751,5,2024-02-23,3,572.75,10,1546.42
1266,751,42,2023-11-25,2,996.16,5,1892.7
1267,752,4,2024-02-16,2,783.04,5,1487.78
1268,752,18,2023-02-25,1,111.81,20,89.45
1269,752,50,2024-03-09,2,53.1,10,95.58
1270,752,11,2023-10-05,1,97.08,20,77.66
1271,753,1,2024-01-23,2,241.54,5,458.93
1272,753,41,2024-04-20,1,303.6,0,303.6
1273,754,37,2023-10-17,1,685.21,15,582.43
1274,754,3,2023-01-25,2,129.99,10,233.98
1275,754,1,2023-07-02,2,1151.31,20,1842.1
1276,755,13,2023-06-11,2,876.31,5,1664.99
1277,755,45,2023-12-12,1,410.96,20,328.77
1278,756,7,2023-09-15,1,47.95,15,40.76
1279,756,31,2023-10-28,1,362.34,5,344.22
1280,756,44,2023-08-26,1,1064.54,0,1064.54
1281,756,46,2023-04-29,1,972.82,5,924.18
1282,757,50,2024-01-03,1,1192.23,20,953.78
1283,757,34,2024-01-09,3,788.65,10,2129.36
1284,757,29,2024-02-07,1,420.04,10,378.04
1285,757,40,2024-03-14,2,67.22,15,114.27
1286,758,16,2023-04-17,3,736.11,5,2097.91
1287,758,37,2023-11-18,2,134.94,0,269.88
1288,758,10,2024-01-28,2,665.62,0,1331.24
1289,759,32,2023-02-18,2,390.19,10,702.34
1290,759,11,2023-02-04,2,700.28,10,1260.5
1291,759,6,2023-02-06,1,858.57,15,729.78
1292,760,17,2023-08-31,2,920.51,15,1564.87
1293,760,42,2024-04-18,1,1129,20,903.2
1294,760,32,2023-01-21,2,1033.62,15,1757.15
1295,760,27,2024-03-14,3,1102.23,5,3141.36
1296,761,29,2023-07-07,3,1016.91,10,2745.66
1297,761,24,2023-02-12,3,507.57,15,1294.3
1298,762,17,2024-03-25,3,70.36,0,211.08
1299,762,48,2024-02-09,1,845.7,20,676.56
1300,763,1,2023-03-21,1,362.98,5,344.83
1301,763,37,2023-07-24,1,283.2,15,240.72
1302,763,43,2023-02-17,2,569.74,20,911.58
1303,763,30,2023-02-25,1,232.72,0,232.72
1304,764,26,2024-01-29,2,255.38,10,459.68
1305,764,5,2023-06-12,2,1195.8,15,2032.86
1306,765,14,2023-12-26,3,581.94,10,1571.24
1307,765,30,2023-01-20,3,203.77,15,519.61
1308,765,10,2023-11-24,1,397.82,0,397.82
1309,766,39,2024-02-01,2,93.63,10,168.53
1310,766,28,2023-08-31,1,83.81,0,83.81
1311,766,49,2023-12-17,2,338.42,5,643
1312,766,6,2023-03-14,1,343.21,0,343.21
1313,767,20,2024-03-23,3,552.68,15,1409.33
1314,767,34,2023-04-20,3,1073.83,5,3060.42
1315,768,4,2023-02-17,2,423.58,10,762.44
1316,768,11,2023-04-12,2,1131.49,15,1923.53
1317,768,31,2023-10-02,3,944.95,15,2409.62
1318,769,23,2024-04-12,3,692.97,0,2078.91
1319,769,36,2024-02-05,3,254.3,20,610.32
1320,769,40,2023-03-16,2,803.59,10,1446.46
1321,770,1,2023-03-19,2,1121.91,15,1907.25
1322,770,21,2023-02-28,3,499.54,20,1198.9
1323,770,47,2023-01-02,2,1133.12,5,2152.93
1324,770,41,2023-08-19,3,1163.96,0,3491.88
1325,771,3,2023-04-22,3,1175.26,15,2996.91
1326,771,45,2023-10-07,1,729.11,5,692.65
1327,771,23,2023-04-18,1,1166.66,20,933.33
1328,772,1,2023-07-09,2,39.11,10,70.4
1329,772,33,2024-02-24,1,845.19,15,718.41
1330,773,27,2023-07-30,2,435.61,20,696.98
1331,773,28,2023-09-25,2,153.79,5,292.2
1332,773,30,2023-08-08,2,228.74,20,365.98
1333,773,11,2023-10-05,2,470.24,15,799.41
1334,774,41,2023-05-26,3,752.04,0,2256.12
1335,774,6,2024-02-17,1,125.77,0,125.77
1336,774,40,2024-04-22,2,142.34,20,227.74
1337,775,35,2023-02-21,3,544.04,20,1305.7
1338,775,3,2023-12-08,2,1025.01,5,1947.52
1339,776,15,2024-02-02,2,670.87,0,1341.74
1340,776,13,2024-03-14,2,1141.65,10,2054.97
1341,776,30,2023-07-31,3,850.53,15,2168.85
1342,777,1,2024-04-26,2,942.99,20,1508.78
1343,777,19,2023-05-18,3,332.11,15,846.88
1344,777,44,2023-05-04,1,1082.22,15,919.89
1345,778,3,2023-01-08,1,200.98,10,180.88
1346,778,34,2024-02-24,3,727.94,10,1965.44
1347,778,11,2024-05-06,3,1191.54,5,3395.89
1348,778,36,2024-05-13,2,247.34,15,420.48
1349,779,4,2024-02-15,3,526.34,15,1342.17
1350,779,47,2023-03-30,2,1086.92,20,1739.07
1351,779,11,2023-08-12,1,137.5,5,130.62
1352,780,33,2023-03-02,3,700.78,15,1786.99
1353,780,49,2023-11-18,2,1008.06,5,1915.31
1354,780,21,2023-04-15,1,130.05,15,110.54
1355,781,1,2023-11-18,3,200.6,20,481.44
1356,781,46,2023-10-06,1,694.72,0,694.72
1357,782,48,2024-01-11,1,1180.43,10,1062.39
1358,782,12,2023-05-03,3,1079.53,10,2914.73
1359,782,13,2023-10-02,1,877.05,15,745.49
1360,783,50,2023-05-14,3,81.06,0,243.18
1361,783,10,2023-11-18,1,773.3,20,618.64
1362,783,7,2023-02-26,2,1114.09,0,2228.18
1363,784,7,2023-03-14,2,329.15,5,625.38
1364,784,6,2023-02-09,2,1016.66,5,1931.65
1365,785,26,2023-02-21,2,958.62,15,1629.65
1366,785,5,2023-09-07,3,110.05,15,280.63
1367,785,25,2024-03-31,2,767.59,15,1304.9
1368,786,11,2023-04-03,2,31.97,5,60.74
1369,786,43,2023-10-18,3,735.85,0,2207.55
1370,786,8,2024-05-14,2,1192.61,15,2027.44
1371,786,40,2023-11-04,3,25.92,20,62.21
1372,787,48,2023-05-11,1,247.56,0,247.56
1373,787,35,2023-01-12,3,623.86,5,1778
1374,787,14,2024-03-19,2,155.45,5,295.35
1375,788,2,2023-06-17,1,279.32,5,265.35
1376,788,18,2023-05-21,2,255.1,0,510.2
1377,788,23,2023-12-29,3,789.27,15,2012.64
1378,789,48,2024-02-19,2,534.55,15,908.73
1379,789,13,2023-05-09,1,253.49,10,228.14
1380,789,26,2023-02-22,3,955.92,20,2294.21
1381,790,20,2023-03-26,1,1145.44,15,973.62
1382,790,28,2024-03-28,2,520.01,10,936.02
1383,790,21,2023-11-15,1,736.61,15,626.12
1384,791,13,2023-10-18,2,461.27,0,922.54
1385,791,29,2023-03-27,1,1150.55,10,1035.49
1386,791,38,2023-07-29,2,732.58,20,1172.13
1387,792,23,2023-07-23,1,155.29,10,139.76
1388,792,28,2024-02-09,1,442.14,0,442.14
1389,793,14,2023-12-03,2,458.92,10,826.06
1390,793,8,2023-01-05,2,832.19,10,1497.94
1391,793,14,2023-08-27,3,958.38,5,2731.38
1392,793,36,2023-02-03,2,354.66,5,673.85
1393,794,34,2023-04-22,1,681.93,20,545.54
1394,794,43,2023-02-08,3,1073.34,15,2737.02
1395,795,44,2024-01-23,2,394.98,10,710.96
1396,795,13,2023-04-11,1,967.22,15,822.14
1397,795,3,2023-05-21,2,160.73,15,273.24
1398,795,11,2023-11-04,2,717.58,5,1363.4
1399,796,37,2023-01-11,2,41.05,20,65.68
1400,796,1,2024-04-11,2,355.55,15,604.44
1401,796,3,2024-04-03,3,1103.28,0,3309.84
1402,796,22,2023-11-27,1,101.96,0,101.96
1403,797,27,2024-01-06,2,344.11,10,619.4
1404,797,26,2023-02-10,3,934.04,15,2381.8
1405,798,40,2023-01-25,2,372.16,15,632.67
1406,798,32,2024-03-10,3,1161.24,0,3483.72
1407,799,24,2024-04-25,3,141.24,5,402.53
1408,799,4,2024-02-27,1,183.71,10,165.34
1409,799,45,2024-01-06,2,287.08,0,574.16
1410,799,13,2024-01-06,2,983.05,20,1572.88
1411,800,1,2024-04-23,3,1044.26,10,2819.5
1412,800,3,2023-02-26,1,1137.63,0,1137.63
1413,800,17,2023-06-18,3,743.05,15,1894.78
1414,801,18,2023-12-24,1,1111.33,20,889.06
1415,801,30,2023-03-03,1,396.81,5,376.97
1416,802,49,2023-10-27,2,771.55,0,1543.1
1417,802,34,2023-09-28,1,701.9,15,596.62
1418,802,18,2023-06-14,3,589.59,0,1768.77
1419,802,17,2024-01-28,2,859.43,10,1546.97
1420,803,36,2024-03-03,1,798.19,5,758.28
1421,803,45,2023-02-09,1,1166.68,0,1166.68
1422,803,14,2023-01-07,3,275.04,15,701.35
1423,804,13,2023-09-07,1,421.73,20,337.38
1424,804,49,2023-09-28,3,1032.98,10,2789.05
1425,804,46,2023-08-21,3,201.72,20,484.13
1426,805,7,2024-04-13,1,278.17,10,250.35
1427,805,25,2024-05-14,2,1044.07,20,1670.51
1428,806,13,2024-02-04,2,241.79,10,435.22
1429,806,28,2023-03-26,3,382.43,20,917.83
1430,807,42,2023-02-22,1,563.93,0,563.93
1431,807,48,2023-02-26,1,39.57,15,33.63
1432,807,12,2023-05-17,1,581.96,20,465.57
1433,807,29,2023-06-30,2,159.62,20,255.39
1434,808,6,2023-07-01,2,270.24,15,459.41
1435,808,33,2023-08-09,3,413.81,15,1055.22
1436,809,18,2023-07-09,1,77.98,15,66.28
1437,809,47,2024-04-20,2,248.84,5,472.8
1438,809,26,2023-04-01,3,345.59,20,829.42
1439,810,32,2023-09-23,2,148.84,0,297.68
1440,810,42,2023-05-08,1,279.1,0,279.1
1441,811,3,2023-10-22,2,301.75,20,482.8
1442,811,7,2023-05-22,1,1061.47,15,902.25
1443,812,26,2023-07-21,1,279.47,10,251.52
1444,812,32,2023-04-16,1,947.16,10,852.44
1445,812,41,2023-05-28,3,723.65,0,2170.95
1446,813,7,2023-04-05,3,1091.18,20,2618.83
1447,813,31,2024-01-14,2,1026.03,5,1949.46
1448,813,11,2023-06-11,3,101.96,5,290.59
1449,814,22,2024-04-05,2,187.36,0,374.72
1450,814,43,2023-08-31,2,414.18,5,786.94
1451,815,17,2024-03-27,1,221.46,0,221.46
1452,815,39,2023-06-30,2,708.13,15,1203.82
1453,815,16,2023-08-30,1,73.31,0,73.31
1454,815,37,2023-12-15,2,1005.72,20,1609.15
1455,816,33,2023-03-27,1,934.8,0,934.8
1456,816,20,2024-02-16,3,416.1,15,1061.06
1457,816,48,2023-06-29,3,323.66,15,825.33
1458,816,17,2023-07-06,2,36,10,64.8
1459,817,20,2023-12-30,2,1071.82,20,1714.91
1460,817,31,2023-02-27,2,829.23,0,1658.46
1461,817,10,2023-07-30,1,798.05,5,758.15
1462,817,23,2023-09-12,1,308.35,15,262.1
1463,818,24,2023-04-16,3,125.34,15,319.62
1464,818,41,2023-02-25,2,1055.03,20,1688.05
1465,818,29,2024-05-05,3,226.44,10,611.39
1466,818,22,2023-07-20,3,512.41,10,1383.51
1467,819,20,2023-04-08,1,703.83,10,633.45
1468,819,40,2023-03-04,2,958.49,20,1533.58
1469,819,23,2023-05-28,1,1163.97,15,989.37
1470,820,44,2023-03-17,2,823.49,20,1317.58
1471,820,19,2023-11-16,3,803.9,10,2170.53
1472,820,32,2023-05-28,1,963.75,0,963.75
1473,821,30,2023-01-21,1,353.96,20,283.17
1474,821,8,2023-01-28,2,380.87,15,647.48
1475,821,23,2023-12-05,1,78.88,5,74.94
1476,822,23,2024-03-25,2,946.61,20,1514.58
1477,822,43,2024-05-05,3,202.94,0,608.82
1478,822,46,2023-05-19,1,1195.18,5,1135.42
1479,823,28,2023-10-27,1,363.15,0,363.15
1480,823,31,2024-04-22,2,313.5,15,532.95
1481,823,28,2023-07-24,1,1073.78,10,966.4
1482,823,39,2023-06-09,1,685.41,10,616.87
1483,824,38,2023-03-13,3,925.84,10,2499.77
1484,824,9,2023-08-02,3,255.44,10,689.69
1485,824,6,2023-06-02,3,1114,15,2840.7
1486,824,35,2023-04-04,2,943.24,15,1603.51
1487,825,7,2023-03-12,3,541.44,10,1461.89
1488,825,33,2024-04-23,3,860.87,15,2195.22
1489,826,23,2023-08-07,2,516.2,15,877.54
1490,826,30,2023-01-15,3,51.18,15,130.51
1491,826,6,2024-01-22,1,745.95,10,671.36
1492,827,16,2023-10-25,3,460.27,20,1104.65
1493,827,35,2024-04-05,3,1055.81,0,3167.43
1494,828,49,2024-03-08,2,168.6,0,337.2
1495,828,30,2024-02-18,3,563.06,0,1689.18
1496,828,6,2023-01-29,2,999.28,0,1998.56
1497,828,22,2023-11-01,1,989.89,20,791.91
1498,829,31,2023-12-20,2,1039.89,0,2079.78
1499,829,48,2023-10-27,3,622.77,0,1868.31
1500,830,45,2023-04-15,3,190.1,15,484.75
1501,830,9,2023-04-25,3,774.81,5,2208.21
1502,831,20,2023-11-18,2,868.59,0,1737.18
1503,831,32,2023-11-16,3,256.83,0,770.49
1504,832,1,2023-03-20,3,1058.28,20,2539.87
1505,832,7,2023-05-07,1,142.26,0,142.26
1506,832,33,2023-08-16,2,85.67,0,171.34
1507,833,20,2023-07-27,2,1179.58,5,2241.2
1508,833,35,2023-05-14,3,823.96,20,1977.5
1509,833,8,2023-08-10,1,770.71,5,732.17
1510,834,10,2024-02-24,3,795.81,5,2268.06
1511,834,33,2024-01-15,3,665.08,15,1695.95
1512,834,31,2023-05-29,2,807.69,20,1292.3
1513,834,32,2023-07-08,3,344.71,15,879.01
1514,835,45,2024-02-14,1,567.48,15,482.36
1515,835,10,2023-01-15,2,559.36,20,894.98
1516,836,25,2023-01-06,3,377.26,20,905.42
1517,836,29,2023-01-22,2,1156.1,15,1965.37
1518,836,47,2023-08-23,2,30.76,5,58.44
1519,837,23,2023-09-14,3,268.72,20,644.93
1520,837,25,2023-09-20,1,225.91,5,214.61
1521,837,23,2023-12-02,3,684.51,15,1745.5
1522,837,46,2024-03-15,1,348.44,10,313.6
1523,838,26,2023-02-04,3,590.82,15,1506.59
1524,838,39,2023-12-04,1,699.73,20,559.78
1525,838,50,2023-12-04,3,325.89,10,879.9
1526,839,38,2024-05-04,3,430.75,20,1033.8
1527,839,26,2023-02-04,1,54.84,5,52.1
1528,839,15,2023-02-19,3,145.34,15,370.62
1529,840,21,2024-01-25,1,1177.97,5,1119.07
1530,840,7,2024-04-05,1,879.23,15,747.35
1531,840,49,2024-05-13,2,1108.4,0,2216.8
1532,841,40,2023-05-09,1,64.15,0,64.15
1533,841,29,2024-01-26,2,735.71,0,1471.42
1534,841,12,2023-06-14,1,844.5,15,717.82
1535,842,9,2023-11-23,3,676.63,5,1928.4
1536,842,17,2023-09-09,2,821.04,5,1559.98
1537,842,13,2024-01-15,1,532.19,20,425.75
1538,842,13,2023-02-14,3,48.61,0,145.83
1539,843,14,2023-01-18,1,1074.08,10,966.67
1540,843,50,2023-07-28,3,664.97,0,1994.91
1541,843,22,2023-04-05,3,881.37,20,2115.29
1542,843,32,2023-04-08,1,693.04,15,589.08
1543,844,33,2023-06-30,2,749.81,20,1199.7
1544,844,9,2024-02-15,1,537.88,15,457.2
1545,844,5,2023-10-19,1,170.09,20,136.07
1546,845,20,2023-02-21,1,608.48,0,608.48
1547,845,39,2023-10-04,2,46.6,10,83.88
1548,845,17,2023-07-19,3,442.33,5,1260.64
1549,846,19,2023-02-08,3,698.92,20,1677.41
1550,846,40,2023-09-14,2,491.08,0,982.16
1551,847,35,2023-12-24,1,707.67,10,636.9
1552,847,42,2023-01-16,1,418.89,10,377
1553,847,13,2023-06-21,1,184.36,20,147.49
1554,848,47,2023-06-18,3,1096.54,0,3289.62
1555,848,16,2023-09-10,1,970.68,20,776.54
1556,849,40,2023-12-26,1,428.1,0,428.1
1557,849,27,2023-11-03,3,742.67,0,2228.01
1558,849,36,2023-09-03,1,339.2,0,339.2
1559,850,7,2023-01-19,2,618.97,10,1114.15
1560,850,28,2023-09-02,2,942.22,5,1790.22
1561,850,2,2024-04-21,1,51.1,5,48.55
1562,850,35,2023-11-08,2,824.69,0,1649.38
1563,851,36,2023-09-04,1,476.81,15,405.29
1564,851,45,2023-03-06,2,847.58,20,1356.13
1565,851,9,2023-03-01,2,159.23,20,254.77
1566,851,24,2023-06-30,1,424.89,0,424.89
1567,851,16,2023-04-29,1,714.57,5,678.84
1568,851,27,2024-01-18,3,690.3,0,2070.9
1569,851,47,2023-05-08,1,110.4,5,104.88
1570,851,29,2023-04-03,2,71.59,10,128.86
1571,851,39,2023-12-02,1,1197.74,5,1137.85
1572,852,39,2023-07-23,2,795.95,0,1591.9
1573,852,5,2023-05-09,3,262.92,10,709.88
1574,852,15,2023-08-16,3,377.21,10,1018.47
1575,852,50,2023-10-10,2,1045.39,5,1986.24
1576,852,34,2024-04-02,2,396.25,20,634
1577,852,33,2023-02-23,1,429.03,15,364.68
1578,853,46,2024-05-01,3,593.73,0,1781.19
1579,853,14,2024-04-11,1,1012.88,20,810.3
1580,853,15,2023-06-06,3,672.5,0,2017.5
1581,853,24,2024-01-07,1,62.32,5,59.2
1582,853,45,2023-08-14,3,921.75,0,2765.25
1583,853,2,2023-09-13,1,338.95,20,271.16
1584,853,25,2023-06-03,1,90.47,20,72.38
1585,853,25,2023-09-11,1,1038.07,15,882.36
1586,853,29,2023-01-23,1,262.76,5,249.62
1587,854,43,2023-08-09,3,81.67,10,220.51
1588,854,3,2023-10-05,2,1125.92,20,1801.47
1589,854,49,2024-04-02,2,1108.78,10,1995.8
1590,854,49,2023-10-30,1,913.56,10,822.2
1591,854,47,2024-02-29,3,532.21,15,1357.14
1592,854,47,2024-04-20,3,907.83,0,2723.49
1593,854,36,2023-07-18,3,1120.32,10,3024.86
1594,854,35,2023-08-26,2,695.67,20,1113.07
1595,854,50,2023-09-23,2,211.81,15,360.08
1596,855,30,2024-01-17,1,175.61,0,175.61
1597,855,18,2024-02-14,3,1142.14,0,3426.42
1598,855,16,2024-01-30,3,369.07,20,885.77
1599,855,26,2023-01-20,3,343.64,10,927.83
1600,855,43,2023-05-09,3,976.11,20,2342.66
1601,855,1,2023-03-05,2,690.76,10,1243.37
1602,855,17,2024-03-09,1,543.69,0,543.69
1603,855,29,2023-01-05,2,63.66,10,114.59
1604,855,31,2023-11-23,3,277.05,0,831.15
1605,855,38,2024-04-25,1,346.21,20,276.97
1606,856,36,2023-06-10,1,539.72,10,485.75
1607,856,50,2024-02-07,2,326.26,15,554.64
1608,856,9,2023-04-27,3,225.9,20,542.16
1609,856,42,2023-01-26,1,155.05,0,155.05
1610,856,12,2023-12-17,3,1035.47,20,2485.13
1611,856,21,2023-01-22,3,866.48,0,2599.44
1612,856,46,2023-05-13,2,39.02,10,70.24
1613,856,35,2024-01-03,1,728.68,10,655.81
1614,856,7,2023-02-09,3,543.7,20,1304.88
1615,856,5,2023-05-02,1,404.43,10,363.99
1616,857,44,2023-08-01,1,777.43,10,699.69
1617,857,10,2023-01-13,2,736.22,10,1325.2
1618,857,22,2024-05-14,2,1078.92,10,1942.06
1619,857,31,2024-04-27,2,753.86,5,1432.33
1620,857,24,2023-01-23,2,1117.76,20,1788.42
1621,857,2,2023-02-24,3,269.55,10,727.79
1622,857,33,2024-01-02,3,619.66,20,1487.18
1623,857,46,2023-06-26,1,467.03,20,373.62
1624,857,3,2023-12-03,3,197.09,0,591.27
1625,858,5,2024-05-05,1,687.17,20,549.74
1626,858,41,2023-10-08,3,513.33,0,1539.99
1627,858,34,2024-02-13,1,736.38,20,589.1
1628,858,34,2023-08-14,2,337.64,20,540.22
1629,858,19,2024-04-11,1,407.85,10,367.07
1630,858,15,2023-08-22,2,902.86,0,1805.72
1631,859,45,2023-05-04,2,884.7,15,1503.99
1632,859,24,2023-02-10,2,681.34,0,1362.68
1633,859,24,2023-12-01,2,734.16,15,1248.07
1634,859,27,2023-04-28,3,996.83,5,2840.97
1635,859,35,2023-05-06,2,815.44,5,1549.34
1636,859,39,2023-05-14,2,423.05,0,846.1
1637,859,6,2023-07-29,2,615.93,5,1170.27
1638,860,37,2023-09-11,3,1060.1,5,3021.28
1639,860,12,2024-03-24,2,38.3,0,76.6
1640,860,27,2023-05-15,3,859.43,15,2191.55
1641,860,48,2023-02-21,1,1045.96,15,889.07
1642,860,2,2023-12-20,1,1188.12,5,1128.71
1643,860,33,2024-03-19,3,1103.98,15,2815.15
1644,860,23,2023-03-07,2,842.38,5,1600.52
1645,861,46,2023-05-31,1,417.43,10,375.69
1646,861,38,2023-11-08,3,147.17,0,441.51
1647,861,5,2024-01-14,2,1140.9,15,1939.53
1648,861,41,2023-08-19,3,1005.07,10,2713.69
1649,861,49,2023-09-02,3,178.83,5,509.67
1650,861,47,2024-01-28,3,1101.28,20,2643.07
1651,861,6,2023-03-19,1,720.39,10,648.35
1652,862,44,2023-11-29,2,467.66,15,795.02
1653,862,12,2023-09-18,3,713.94,0,2141.82
1654,862,15,2023-06-02,2,422.52,20,676.03
1655,862,34,2024-04-04,3,704.2,15,1795.71
1656,862,19,2023-06-15,2,395.92,5,752.25
1657,862,10,2023-01-22,3,1061.21,5,3024.45
1658,862,28,2023-09-23,2,698.66,20,1117.86
1659,862,21,2023-02-20,2,356.05,0,712.1
1660,862,19,2023-05-21,2,537.92,5,1022.05
1661,862,19,2024-04-25,2,1186.79,0,2373.58
1662,863,15,2023-12-08,2,186.38,5,354.12
1663,863,36,2024-03-05,3,910.74,0,2732.22
1664,863,39,2024-04-07,1,1152.63,20,922.1
1665,863,35,2024-02-14,1,27.86,0,27.86
1666,863,24,2023-04-15,2,1131.33,20,1810.13
1667,863,28,2024-01-10,2,634.65,15,1078.9
1668,863,19,2024-04-15,1,865.18,0,865.18
1669,863,29,2024-03-31,2,602.04,0,1204.08
1670,863,9,2023-05-23,3,809.08,10,2184.52
1671,864,6,2024-01-17,1,878.29,10,790.46
1672,864,11,2023-09-17,2,345.81,20,553.3
1673,864,44,2024-02-02,1,854.04,10,768.64
1674,864,3,2023-08-10,1,1120.19,20,896.15
1675,864,21,2023-04-08,3,800.13,0,2400.39
1676,864,41,2023-11-18,1,310.18,20,248.14
1677,864,25,2024-03-22,1,814.55,10,733.1
1678,864,31,2023-03-19,2,980.37,15,1666.63
1679,865,19,2023-03-09,1,769.03,0,769.03
1680,865,34,2024-03-14,3,904.35,0,2713.05
1681,865,28,2023-02-04,2,678.13,5,1288.45
1682,865,46,2023-04-02,1,513.43,10,462.09
1683,865,40,2023-07-14,3,709,10,1914.3
1684,865,31,2023-09-29,3,1146.12,10,3094.52
1685,865,15,2024-03-24,2,808.21,15,1373.96
1686,865,41,2023-07-20,3,441.41,15,1125.6
1687,865,19,2023-02-19,1,152.59,10,137.33
1688,865,27,2024-05-11,2,403.97,15,686.75
1689,866,8,2023-04-01,2,1148.45,0,2296.9
1690,866,23,2023-12-23,2,851.69,15,1447.87
1691,866,32,2023-11-04,2,830.92,0,1661.84
1692,866,19,2023-05-18,3,273.83,15,698.27
1693,866,4,2023-10-15,2,328.69,10,591.64
1694,866,27,2023-07-20,2,521.74,10,939.13
1695,866,4,2023-05-18,2,879.26,10,1582.67
1696,866,41,2024-02-24,1,384.04,15,326.43
1697,867,15,2023-10-21,1,652.5,0,652.5
1698,867,40,2023-11-09,2,172.47,20,275.95
1699,867,2,2024-05-01,3,44.92,15,114.55
1700,867,6,2024-02-04,3,413.28,10,1115.86
1701,867,50,2024-01-28,3,94.89,0,284.67
1702,868,34,2023-04-18,2,651.86,5,1238.53
1703,868,35,2023-07-22,3,290.61,5,828.24
1704,868,24,2023-06-19,2,274.43,5,521.42
1705,868,1,2023-01-19,1,911.04,20,728.83
1706,868,7,2023-09-14,2,953.79,0,1907.58
1707,868,11,2023-05-25,2,48.61,5,92.36
1708,868,3,2023-05-20,3,165.9,15,423.05
1709,868,42,2023-07-25,1,985.59,10,887.03
1710,869,6,2023-02-09,1,615.32,15,523.02
1711,869,2,2023-01-08,3,999.7,20,2399.28
1712,869,10,2023-02-18,3,714.07,15,1820.88
1713,869,13,2024-03-01,3,1033.98,10,2791.75
1714,869,28,2023-09-20,3,47.65,10,128.66
1715,869,30,2023-04-14,1,331.84,20,265.47
1716,869,31,2023-07-12,2,526.85,5,1001.01
1717,869,27,2023-10-15,2,590.35,20,944.56
1718,869,33,2023-05-06,2,40.31,15,68.53
1719,870,47,2023-07-21,2,919.99,0,1839.98
1720,870,29,2023-04-25,3,1170.72,15,2985.34
1721,870,50,2023-04-29,2,456.39,20,730.22
1722,870,7,2023-11-26,2,412.27,0,824.54
1723,870,7,2023-10-15,1,265.06,15,225.3
1724,870,38,2023-05-08,1,186.77,20,149.42
1725,870,31,2023-09-25,3,1010.79,5,2880.75
1726,871,4,2024-01-28,2,317.39,10,571.3
1727,871,48,2023-06-22,1,63.08,20,50.46
1728,871,39,2023-07-28,1,336.41,5,319.59
1729,871,49,2023-10-15,2,663.79,10,1194.82
1730,871,42,2023-05-01,2,564.42,15,959.51
1731,871,33,2023-10-12,3,1191.45,0,3574.35
1732,871,7,2023-08-06,3,111.46,5,317.66
1733,871,49,2023-01-07,1,633.53,0,633.53
1734,872,11,2023-04-12,2,1046.3,0,2092.6
1735,872,3,2024-03-29,2,604.32,20,966.91
1736,872,32,2023-03-13,3,1051.57,15,2681.5
1737,872,26,2023-01-05,2,158.75,10,285.75
1738,872,47,2024-04-17,3,339.91,10,917.76
1739,872,40,2024-03-31,2,685.3,5,1302.07
1740,872,10,2023-05-29,3,828.33,20,1987.99
1741,872,46,2023-07-10,3,733.33,15,1869.99
1742,872,30,2023-04-18,2,1113.95,5,2116.51
1743,872,11,2023-09-26,3,998.7,0,2996.1
1744,873,21,2023-08-02,1,197.41,0,197.41
1745,873,1,2023-06-09,3,241.46,0,724.38
1746,873,35,2023-08-23,2,131.76,20,210.82
1747,873,30,2023-11-01,1,98.79,20,79.03
1748,873,15,2023-06-26,3,36.67,5,104.51
1749,873,18,2023-05-26,2,709.67,10,1277.41
1750,874,24,2023-11-16,2,1122.48,20,1795.97
1751,874,35,2023-11-25,3,259.05,20,621.72
1752,874,10,2023-02-22,3,275.4,5,784.89
1753,874,17,2023-10-16,1,169.51,20,135.61
1754,874,38,2023-11-27,2,409.59,20,655.34
1755,874,39,2023-05-22,3,1048.18,15,2672.86
1756,875,14,2023-03-28,1,944.37,5,897.15
1757,875,6,2024-04-20,3,192.86,5,549.65
1758,875,31,2024-03-23,1,401.54,0,401.54
1759,875,9,2023-09-19,2,521.98,15,887.37
1760,875,21,2023-06-04,3,916.81,5,2612.91
1761,875,36,2023-07-21,2,933.23,15,1586.49
1762,875,23,2023-06-09,3,394.03,0,1182.09
1763,875,39,2024-03-07,1,1147.32,10,1032.59
1764,875,46,2023-03-15,2,681.37,15,1158.33
1765,875,45,2024-02-08,2,828.73,20,1325.97
1766,876,28,2023-11-30,2,230.05,10,414.09
1767,876,30,2024-01-30,3,428.27,15,1092.09
1768,876,14,2023-11-12,3,1054.03,5,3003.99
1769,876,25,2023-07-11,1,1121.17,0,1121.17
1770,876,13,2023-08-15,2,640.68,0,1281.36
1771,876,38,2023-06-08,2,131.05,10,235.89
1772,876,17,2023-09-15,1,735.99,0,735.99
1773,877,42,2023-05-21,3,584.91,0,1754.73
1774,877,45,2023-12-27,2,343.53,0,687.06
1775,877,37,2024-02-26,1,1038.56,15,882.78
1776,877,39,2023-11-20,2,598.55,15,1017.53
1777,877,48,2024-03-23,3,905.69,0,2717.07
1778,877,3,2023-07-09,1,743.25,5,706.09
1779,877,46,2024-01-12,1,1047.68,5,995.3
1780,877,6,2023-08-03,1,86.14,0,86.14
1781,878,21,2023-02-19,3,347.42,5,990.15
1782,878,42,2023-11-11,3,39.68,10,107.14
1783,878,46,2023-03-28,3,872.12,10,2354.72
1784,878,34,2023-01-08,3,495.74,0,1487.22
1785,878,5,2023-04-09,3,194.07,10,523.99
1786,878,6,2023-03-30,2,72.52,20,116.03
1787,878,13,2023-12-19,3,502.92,0,1508.76
1788,878,20,2023-05-21,3,433.81,10,1171.29
1789,878,30,2023-10-18,3,121.59,15,310.05
1790,878,6,2023-03-01,1,235.35,0,235.35
1791,879,12,2023-06-12,3,759.42,0,2278.26
1792,879,50,2023-03-28,1,276.68,10,249.01
1793,879,30,2023-02-11,3,1133.02,10,3059.15
1794,879,44,2023-11-25,1,901.94,5,856.84
1795,879,20,2023-01-28,2,852.98,5,1620.66
1796,879,18,2023-03-13,3,392.34,5,1118.17
1797,879,13,2023-05-20,1,228.99,10,206.09
1798,879,17,2023-12-24,2,332.16,15,564.67
1799,879,23,2023-10-24,2,431.65,20,690.64
1800,880,29,2024-02-29,3,830.71,5,2367.52
1801,880,3,2024-05-01,3,475.1,20,1140.24
1802,880,37,2023-04-18,3,531.95,10,1436.27
1803,880,14,2023-06-25,3,1162.82,20,2790.77
1804,880,48,2024-02-11,2,127.09,5,241.47
1805,880,17,2023-04-22,2,327.8,0,655.6
1806,880,34,2023-12-04,3,239.98,5,683.94
1807,880,30,2023-10-28,2,459.29,15,780.79
1808,880,43,2023-10-29,1,400.4,0,400.4
1809,881,41,2023-07-03,1,207.33,15,176.23
1810,881,22,2023-06-22,3,1085.52,5,3093.73
1811,881,23,2023-06-06,1,570.87,5,542.33
1812,881,49,2023-01-12,2,974.88,15,1657.3
1813,881,38,2023-10-22,3,533.26,15,1359.81
1814,881,31,2024-03-03,1,318.04,10,286.24
1815,881,39,2023-06-22,2,820.7,10,1477.26
1816,881,3,2024-05-12,1,920.54,20,736.43
1817,882,7,2023-08-04,2,933.41,20,1493.46
1818,882,26,2023-10-31,1,213.55,5,202.87
1819,882,20,2024-03-29,3,1158.98,20,2781.55
1820,882,13,2024-05-02,3,907.18,5,2585.46
1821,882,43,2023-06-20,1,1164.98,10,1048.48
1822,883,50,2023-03-14,2,561.28,5,1066.43
1823,883,30,2023-01-01,3,194.04,5,553.01
1824,883,20,2023-06-07,1,237.82,5,225.93
1825,883,28,2023-02-16,3,308.78,20,741.07
1826,883,50,2023-07-11,1,583.27,10,524.94
1827,884,7,2023-08-30,3,830.41,5,2366.67
1828,884,31,2023-12-09,2,1000.99,5,1901.88
1829,884,49,2024-04-14,1,477.34,10,429.61
1830,884,49,2024-04-23,1,491.86,10,442.67
1831,884,19,2024-02-24,3,881.84,15,2248.69
1832,884,39,2023-07-21,3,104.56,15,266.63
1833,885,43,2024-01-15,3,51.74,20,124.18
1834,885,12,2024-01-29,1,455.58,10,410.02
1835,885,33,2024-02-26,1,740.47,15,629.4
1836,885,5,2023-11-27,1,182.93,5,173.78
1837,885,3,2023-04-19,2,533.77,10,960.79
1838,885,25,2023-12-01,1,522.34,10,470.11
1839,885,20,2023-07-18,3,989.1,0,2967.3
1840,886,17,2024-05-05,2,231.83,15,394.11
1841,886,44,2023-09-22,1,568.61,0,568.61
1842,886,23,2023-12-18,3,139.66,15,356.13
1843,886,1,2023-03-24,2,171.91,20,275.06
1844,886,25,2023-12-18,2,33.67,15,57.24
1845,886,28,2024-01-30,1,377.49,10,339.74
1846,887,48,2023-11-21,1,732.29,15,622.45
1847,887,33,2023-07-10,2,860.19,20,1376.3
1848,887,24,2023-02-27,1,1177.27,20,941.82
1849,887,49,2023-07-16,3,114.41,0,343.23
1850,887,22,2024-04-30,3,716.38,5,2041.68
1851,887,33,2024-02-21,3,878.6,15,2240.43
1852,887,28,2023-01-25,2,352.42,0,704.84
1853,888,32,2023-08-24,2,79.09,20,126.54
1854,888,44,2023-07-09,2,522.33,10,940.19
1855,888,50,2024-02-24,1,660.44,5,627.42
1856,888,19,2023-07-02,2,40.67,10,73.21
1857,888,20,2023-11-22,1,723.02,10,650.72
1858,888,47,2023-01-19,3,891.64,5,2541.17
1859,888,12,2023-02-13,3,131.6,5,375.06
1860,889,41,2023-09-10,2,1073.41,10,1932.14
1861,889,30,2023-12-19,3,308.04,20,739.3
1862,889,37,2023-08-23,1,110.31,10,99.28
1863,889,3,2023-03-17,3,1172.68,0,3518.04
1864,889,25,2023-09-20,3,112.94,10,304.94
1865,889,28,2023-07-25,1,237.04,10,213.34
1866,889,47,2023-12-01,3,1061.85,15,2707.72
1867,889,8,2024-02-11,1,693.66,10,624.29
1868,889,40,2023-09-21,3,1028.01,5,2929.83
1869,889,45,2024-02-14,1,461.6,15,392.36
1870,890,14,2024-01-25,2,344.25,5,654.07
1871,890,18,2023-09-14,3,73.98,15,188.65
1872,890,12,2023-12-14,2,341.76,15,580.99
1873,890,14,2023-01-10,2,795.51,10,1431.92
1874,890,18,2023-08-25,3,952.5,10,2571.75
1875,890,7,2023-04-24,1,41.33,10,37.2
1876,890,15,2023-02-02,3,359.64,20,863.14
1877,891,30,2023-10-29,2,769.03,10,1384.25
1878,891,35,2023-07-19,2,1117.25,0,2234.5
1879,891,22,2023-06-24,2,428.71,15,728.81
1880,891,10,2023-08-25,3,608.79,20,1461.1
1881,891,45,2023-03-29,3,480.27,15,1224.69
1882,891,3,2023-12-05,3,1161.91,15,2962.87
1883,891,36,2023-06-26,1,264.91,20,211.93
1884,891,24,2023-06-05,2,906.01,15,1540.22
1885,891,44,2023-08-28,1,203.96,20,163.17
1886,891,11,2023-11-16,2,686.57,15,1167.17
1887,892,49,2023-01-12,2,676.6,15,1150.22
1888,892,16,2023-07-12,3,175.4,20,420.96
1889,892,8,2023-02-19,2,277.6,0,555.2
1890,892,37,2023-05-29,1,1040.57,15,884.48
1891,892,36,2023-07-29,2,906.51,15,1541.07
1892,892,39,2023-05-23,2,929.19,0,1858.38
1893,892,43,2024-03-28,3,1153.08,10,3113.32
1894,893,33,2023-10-02,3,482.76,15,1231.04
1895,893,32,2024-01-23,2,357.81,15,608.28
1896,893,11,2024-04-18,1,492.06,0,492.06
1897,893,35,2024-02-29,2,920.26,5,1748.49
1898,893,44,2024-04-09,1,472.36,15,401.51
1899,893,27,2023-07-30,1,770.97,20,616.78
1900,893,15,2023-03-12,3,751.51,0,2254.53
1901,893,39,2023-10-20,3,502.35,0,1507.05
1902,893,21,2023-11-09,1,216.42,15,183.96
1903,894,44,2023-02-16,2,46.81,20,74.9
1904,894,42,2023-07-19,3,623.38,5,1776.63
1905,894,11,2023-08-23,2,873.21,5,1659.1
1906,894,12,2023-08-30,3,1107.24,10,2989.55
1907,894,9,2023-05-31,1,1075.45,5,1021.68
1908,894,37,2023-08-25,2,309.16,20,494.66
1909,894,29,2023-05-04,1,1167.91,20,934.33
1910,894,42,2023-02-26,3,1008.69,5,2874.77
1911,894,16,2023-08-25,3,1155.72,0,3467.16
1912,894,48,2023-01-17,3,818.71,20,1964.9
1913,895,31,2024-03-17,2,103.03,15,175.15
1914,895,17,2024-03-28,3,654.06,20,1569.74
1915,895,42,2023-10-01,3,47.99,15,122.37
1916,895,47,2023-01-31,2,977.76,0,1955.52
1917,895,24,2023-07-24,3,1114.32,15,2841.52
1918,895,28,2024-02-08,1,142.28,10,128.05
1919,895,49,2024-02-27,3,909.22,0,2727.66
1920,895,47,2023-03-28,2,507.21,10,912.98
1921,896,10,2024-04-12,1,958.75,5,910.81
1922,896,17,2023-02-19,2,777.6,0,1555.2
1923,896,30,2024-04-05,3,600.06,5,1710.17
1924,896,49,2023-05-14,2,368.44,15,626.35
1925,896,22,2024-02-08,2,845.48,20,1352.77
1926,896,18,2023-11-01,1,918.36,5,872.44
1927,896,34,2023-05-28,1,280.81,10,252.73
1928,897,37,2023-07-05,3,363.64,5,1036.37
1929,897,37,2023-11-21,2,580.84,15,987.43
1930,897,44,2023-05-31,1,897.61,5,852.73
1931,897,10,2023-11-08,2,1033.79,10,1860.82
1932,897,41,2023-04-27,1,1024.08,20,819.26
1933,897,20,2023-03-17,3,34.24,10,92.45
1934,897,47,2023-09-18,3,1046.87,20,2512.49
1935,897,26,2023-09-02,3,1082,10,2921.4
1936,898,42,2023-03-21,3,1026.08,10,2770.42
1937,898,34,2023-07-11,2,1041.18,15,1770.01
1938,898,42,2023-03-28,3,588.82,15,1501.49
1939,898,25,2023-01-08,3,1137.4,10,3070.98
1940,898,15,2023-06-08,1,284.69,10,256.22
1941,898,39,2024-02-03,3,951.34,5,2711.32
1942,898,23,2023-09-13,2,691.9,0,1383.8
1943,899,48,2024-03-09,3,1079.8,5,3077.43
1944,899,24,2023-12-07,1,490.22,0,490.22
1945,899,22,2023-09-17,1,340.34,20,272.27
1946,899,48,2023-10-03,1,1165.12,0,1165.12
1947,899,29,2023-10-18,3,312.61,10,844.05
1948,899,48,2023-04-04,3,1124.87,5,3205.88
1949,899,15,2023-12-20,3,558.16,0,1674.48
1950,899,39,2023-05-17,3,347.42,5,990.15
1951,899,47,2024-03-01,1,1089.25,5,1034.79
1952,899,34,2023-06-05,1,265.12,5,251.86
1953,900,38,2024-01-25,3,583.19,0,1749.57
1954,900,35,2024-03-27,1,396.25,0,396.25
1955,900,13,2023-09-02,1,541.44,15,460.22
1956,900,13,2023-02-21,3,715.46,20,1717.1
1957,900,32,2023-06-03,3,31.33,15,79.89
1958,900,8,2024-01-04,2,937.33,5,1780.93
1959,900,38,2024-02-17,3,745.01,15,1899.78
1960,900,1,2023-05-09,2,729.6,15,1240.32
1961,900,41,2023-04-01,2,618.61,20,989.78
1962,901,19,2024-05-02,3,373.57,20,896.57
1963,901,16,2023-06-24,2,819.85,20,1311.76
1964,901,20,2023-11-17,2,151.53,5,287.91
1965,901,32,2023-01-04,2,1074.17,20,1718.67
1966,901,31,2023-09-11,1,230.98,15,196.33
1967,901,44,2023-06-05,1,1111.85,15,945.07
1968,901,22,2023-11-23,3,655.54,5,1868.29
1969,901,13,2024-02-03,1,920.17,5,874.16
1970,901,20,2023-09-14,2,397.62,20,636.19
1971,902,31,2023-02-22,3,374.07,20,897.77
1972,902,14,2023-10-20,3,202.43,5,576.93
1973,902,13,2024-01-28,2,947.26,5,1799.79
1974,902,40,2023-12-06,1,404.3,20,323.44
1975,902,31,2023-12-01,3,950.72,10,2566.94
1976,902,15,2024-04-22,2,576.94,10,1038.49
1977,902,24,2023-03-16,2,413.79,10,744.82
1978,902,48,2023-06-11,2,383.46,20,613.54
1979,903,26,2024-01-26,2,26.69,15,45.37
1980,903,4,2024-05-10,2,437.26,5,830.79
1981,903,30,2024-01-28,2,42.99,5,81.68
1982,903,14,2023-12-05,3,322,10,869.4
1983,903,2,2023-06-14,2,953.29,10,1715.92
1984,903,36,2023-10-14,3,255.35,5,727.75
1985,903,40,2023-09-15,2,1030.56,0,2061.12
1986,903,5,2023-05-05,1,404.07,15,343.46
1987,904,47,2023-10-31,2,1143.41,0,2286.82
1988,904,50,2023-12-04,2,831.61,15,1413.74
1989,904,16,2023-05-24,3,711.61,0,2134.83
1990,904,7,2023-01-29,3,424.38,20,1018.51
1991,904,24,2023-08-13,2,151.02,5,286.94
1992,904,48,2023-02-07,2,1173.07,15,1994.22
1993,905,10,2024-03-23,1,715.97,20,572.78
1994,905,13,2023-10-15,1,537.15,10,483.44
1995,905,37,2023-10-07,3,327.65,20,786.36
1996,905,19,2023-12-20,1,185.75,0,185.75
1997,905,45,2023-12-31,3,390.47,10,1054.27
1998,905,50,2023-08-17,3,1063.81,5,3031.86
1999,906,21,2023-08-28,1,563.75,10,507.38
2000,906,13,2023-12-13,3,325.65,20,781.56
2001,906,48,2024-04-22,1,185.52,15,157.69
2002,906,28,2023-07-22,2,961.75,20,1538.8
2003,906,4,2024-04-12,3,460.7,20,1105.68
2004,907,28,2023-01-17,3,1050.24,10,2835.65
2005,907,35,2023-09-09,2,698.28,0,1396.56
2006,907,48,2023-02-08,3,128.73,20,308.95
2007,907,50,2023-02-27,3,206.7,20,496.08
2008,907,6,2023-10-21,2,739.84,5,1405.7
2009,907,49,2023-02-07,3,528.52,10,1427
2010,908,30,2023-08-20,3,199.6,10,538.92
2011,908,5,2023-04-04,3,698.76,15,1781.84
2012,908,34,2024-02-04,3,892.56,15,2276.03
2013,908,2,2023-07-25,3,366.7,20,880.08
2014,908,25,2023-01-10,1,285.77,15,242.9
2015,908,10,2023-05-13,1,709.56,10,638.6
2016,908,35,2023-08-23,3,805.17,20,1932.41
2017,908,23,2024-04-02,3,1043.35,5,2973.55
2018,908,13,2024-01-31,1,263.25,5,250.09
2019,908,7,2023-01-14,3,730.27,0,2190.81
2020,909,50,2023-03-07,3,431.25,0,1293.75
2021,909,21,2024-03-21,2,1115.59,5,2119.62
2022,909,13,2023-06-05,1,520.65,10,468.58
2023,909,15,2024-04-24,1,931.37,0,931.37
2024,909,9,2024-03-25,2,165.27,15,280.96
2025,909,2,2023-08-16,3,1027.94,5,2929.63
2026,910,25,2023-01-26,2,537.49,5,1021.23
2027,910,14,2024-01-30,2,716.46,0,1432.92
2028,910,6,2024-05-11,1,617.91,20,494.33
2029,910,47,2023-09-22,1,212.2,5,201.59
2030,910,8,2024-04-26,2,893.96,10,1609.13
2031,910,48,2023-06-12,2,245.36,0,490.72
2032,910,33,2023-07-04,2,321.24,0,642.48
2033,910,30,2023-01-09,1,468.43,15,398.17
2034,910,26,2024-05-07,1,438.52,10,394.67
2035,910,5,2023-08-11,3,374.82,0,1124.46
2036,911,42,2023-11-26,2,1053.61,0,2107.22
2037,911,18,2024-01-09,3,1078.85,0,3236.55
2038,911,10,2024-03-09,1,229.28,0,229.28
2039,911,9,2023-09-23,1,185.46,15,157.64
2040,911,49,2023-01-20,1,723.52,5,687.34
2041,911,48,2023-12-05,2,458.61,15,779.64
2042,911,11,2023-08-03,1,226.07,20,180.86
2043,912,10,2024-01-15,3,234.31,0,702.93
2044,912,11,2023-01-16,2,260.81,15,443.38
2045,912,41,2023-07-11,2,753.86,0,1507.72
2046,912,2,2023-06-19,1,1068.81,0,1068.81
2047,912,48,2024-03-22,1,1098.02,0,1098.02
2048,912,35,2023-07-13,3,872.58,5,2486.85
2049,912,11,2023-02-21,1,431.43,5,409.86
2050,912,6,2023-08-03,1,152.64,15,129.74
2051,912,30,2023-08-01,3,539.69,20,1295.26
2052,912,41,2023-01-01,2,581.97,10,1047.55
2053,913,9,2023-06-15,3,657.18,20,1577.23
2054,913,43,2024-01-02,1,583.79,20,467.03
2055,913,13,2023-03-06,1,627.39,5,596.02
2056,913,15,2023-12-04,1,896.96,15,762.42
2057,913,19,2024-03-30,3,144.17,5,410.88
2058,913,17,2023-04-05,3,798.06,10,2154.76
2059,913,46,2024-05-13,2,808.66,20,1293.86
2060,913,34,2023-10-23,2,916.67,5,1741.67
2061,913,21,2023-08-05,2,800.22,20,1280.35
2062,913,48,2024-04-23,1,902.56,15,767.18
2063,914,41,2023-01-25,1,1175.85,0,1175.85
2064,914,10,2023-11-21,1,1005.75,5,955.46
2065,914,11,2023-07-23,2,33.82,15,57.49
2066,914,31,2024-03-15,2,241.54,20,386.46
2067,914,26,2023-08-20,1,554.77,10,499.29
2068,914,35,2023-08-14,1,899.05,20,719.24
2069,914,22,2023-06-22,1,321.24,15,273.05
2070,914,50,2023-10-09,2,802.63,10,1444.73
2071,914,49,2023-09-23,2,94.48,10,170.06
2072,914,28,2023-11-25,1,1158.41,5,1100.49
2073,915,7,2023-04-27,2,999.49,0,1998.98
2074,915,36,2023-12-31,2,169.03,10,304.25
2075,915,20,2023-08-20,2,672.89,0,1345.78
2076,915,33,2023-04-04,2,987.63,20,1580.21
2077,915,13,2023-03-14,3,281.79,0,845.37
2078,916,13,2024-01-11,3,437.65,20,1050.36
2079,916,50,2023-03-19,3,1034.71,20,2483.3
2080,916,4,2024-02-14,3,447.93,5,1276.6
2081,916,45,2024-04-29,3,216.77,5,617.79
2082,916,7,2023-12-15,1,769.19,20,615.35
2083,916,15,2024-03-07,3,199.42,20,478.61
2084,917,28,2024-03-15,1,348.54,15,296.26
2085,917,19,2023-07-19,3,1166.97,15,2975.77
2086,917,30,2023-06-14,1,871.43,10,784.29
2087,917,1,2023-02-08,2,855.84,10,1540.51
2088,917,14,2024-04-17,3,743.48,0,2230.44
2089,917,4,2024-01-22,2,185.56,15,315.45
2090,918,11,2024-01-27,1,481.66,5,457.58
2091,918,42,2023-08-03,2,717.87,5,1363.95
2092,918,23,2023-02-06,1,1156.76,10,1041.08
2093,918,9,2024-04-02,2,165.7,20,265.12
2094,918,44,2023-03-19,1,543.19,10,488.87
2095,918,49,2023-06-17,1,771.37,20,617.1
2096,918,20,2023-09-26,1,930.56,20,744.45
2097,918,31,2023-04-29,3,537.16,0,1611.48
2098,919,35,2024-01-16,3,556.15,0,1668.45
2099,919,49,2024-04-11,3,422.83,10,1141.64
2100,919,3,2023-07-15,2,153.15,15,260.36
2101,919,28,2023-10-27,1,1053.97,15,895.87
2102,919,49,2023-05-30,1,636.95,0,636.95
2103,920,47,2023-11-05,3,1040.8,5,2966.28
2104,920,43,2023-09-11,3,1156.63,15,2949.41
2105,920,4,2023-11-23,1,1040.9,10,936.81
2106,920,47,2024-01-11,2,1087.58,20,1740.13
2107,920,22,2023-08-03,3,1006.83,10,2718.44
2108,921,6,2023-01-07,1,861.45,15,732.23
2109,921,16,2023-10-27,2,281.24,15,478.11
2110,921,43,2023-05-17,1,1196.82,15,1017.3
2111,921,36,2023-11-07,3,463.47,20,1112.33
2112,921,43,2023-07-15,1,729.96,20,583.97
2113,922,42,2024-05-03,1,699.24,0,699.24
2114,922,49,2023-05-03,2,704.54,20,1127.26
2115,922,27,2024-02-22,2,867.58,0,1735.16
2116,922,23,2023-11-28,2,1025.63,20,1641.01
2117,922,34,2023-01-20,2,979.53,15,1665.2
2118,922,43,2024-04-09,1,274.93,5,261.18
2119,922,2,2023-11-19,2,136.59,15,232.2
2120,922,2,2024-01-09,2,1022.33,10,1840.19
2121,923,23,2024-02-24,3,425.98,5,1214.04
2122,923,18,2023-08-17,1,402.92,10,362.63
2123,923,50,2024-02-11,1,267.07,20,213.66
2124,923,42,2023-06-14,3,493.56,10,1332.61
2125,923,50,2024-02-22,1,1016.77,0,1016.77
2126,923,22,2023-06-30,3,655.12,5,1867.09
2127,923,21,2024-02-29,2,139.53,0,279.06
2128,923,41,2023-07-27,2,753.72,5,1432.07
2129,923,49,2023-07-15,1,332.32,15,282.47
2130,924,23,2023-06-22,2,1077.02,5,2046.34
2131,924,11,2023-06-15,1,151.55,20,121.24
2132,924,20,2024-04-10,3,846.27,20,2031.05
2133,924,19,2024-01-23,3,655.14,15,1670.61
2134,924,40,2023-12-23,1,254.37,0,254.37
2135,925,46,2023-11-03,3,497.47,10,1343.17
2136,925,10,2024-01-02,2,648.74,15,1102.86
2137,925,9,2024-04-16,2,142.28,10,256.1
2138,925,40,2023-10-19,1,402.13,5,382.02
2139,925,29,2024-02-27,1,310.17,5,294.66
2140,926,43,2023-05-21,1,603.5,5,573.32
2141,926,16,2024-03-24,1,539.62,5,512.64
2142,926,10,2023-01-07,2,307.54,0,615.08
2143,926,40,2023-09-05,2,509.14,20,814.62
2144,926,37,2023-04-09,2,239.55,20,383.28
2145,926,38,2023-07-24,3,699.04,15,1782.55
2146,926,48,2023-05-14,3,960.22,10,2592.59
2147,926,17,2023-08-09,2,450.13,5,855.25
2148,927,21,2023-10-04,2,110.91,5,210.73
2149,927,21,2024-03-16,3,311.34,20,747.22
2150,927,38,2023-03-07,1,1177.59,20,942.07
2151,927,46,2023-09-01,3,389.91,20,935.78
2152,927,15,2024-01-04,2,866.73,20,1386.77
2153,927,15,2023-08-27,2,697.63,0,1395.26
2154,927,30,2023-11-13,2,606.62,15,1031.25
2155,927,5,2024-05-03,1,46.1,15,39.19
2156,927,36,2023-11-29,1,1077.09,15,915.53
2157,928,46,2023-03-17,1,824.77,0,824.77
2158,928,47,2023-05-22,3,317.37,0,952.11
2159,928,46,2023-11-03,2,528.38,5,1003.92
2160,928,26,2023-04-21,3,553.49,20,1328.38
2161,928,45,2023-12-12,2,410.03,20,656.05
2162,929,33,2024-04-29,2,190.2,20,304.32
2163,929,44,2023-10-28,2,1038.03,20,1660.85
2164,929,4,2023-12-31,2,713.19,0,1426.38
2165,929,40,2023-02-02,3,508.18,5,1448.31
2166,929,47,2023-04-10,1,1176.14,5,1117.33
2167,930,12,2023-01-16,3,1116.01,0,3348.03
2168,930,22,2023-02-15,1,1136.45,20,909.16
2169,930,45,2024-04-30,3,477.19,15,1216.83
2170,930,25,2023-12-23,2,183.44,10,330.19
2171,930,12,2023-02-19,2,439.09,15,746.45
2172,930,17,2023-09-13,1,237.79,15,202.12
2173,930,13,2023-04-27,2,1183.05,0,2366.1
2174,931,22,2023-08-20,1,638.16,0,638.16
2175,931,39,2023-02-01,3,89.79,10,242.43
2176,931,7,2023-03-28,1,1157.05,20,925.64
2177,931,1,2023-01-03,2,474.01,0,948.02
2178,931,37,2023-10-16,2,1034.04,5,1964.68
2179,931,13,2023-11-22,3,607.88,20,1458.91
2180,931,14,2024-05-14,2,134.42,5,255.4
2181,931,39,2023-07-11,3,228.78,15,583.39
2182,931,46,2024-03-09,1,618.65,15,525.85
2183,932,2,2023-11-15,1,1123.65,0,1123.65
2184,932,20,2024-04-23,2,147.17,5,279.62
2185,932,38,2023-09-23,1,1082.27,15,919.93
2186,932,13,2023-11-05,1,1196.86,10,1077.17
2187,932,30,2024-04-20,3,666.62,15,1699.88
2188,932,29,2024-04-28,1,809.07,0,809.07
2189,933,22,2023-05-07,2,186.83,15,317.61
2190,933,13,2024-02-11,2,69.08,0,138.16
2191,933,31,2024-02-20,3,855.01,20,2052.02
2192,933,7,2024-03-10,3,127.33,10,343.79
2193,933,34,2023-10-16,3,848.6,20,2036.64
2194,934,26,2024-01-23,3,778.97,10,2103.22
2195,934,21,2023-03-11,2,920.96,10,1657.73
2196,934,41,2023-08-07,2,533.46,0,1066.92
2197,934,32,2023-01-13,2,143.1,20,228.96
2198,934,31,2023-11-09,2,380.96,10,685.73
2199,934,50,2023-12-17,3,85.04,0,255.12
2200,934,13,2024-04-29,1,382.4,20,305.92
2201,934,48,2024-04-05,3,660.49,10,1783.32
2202,934,48,2023-01-25,3,53,10,143.1
2203,934,25,2023-04-07,2,1157.74,0,2315.48
2204,935,44,2024-03-23,2,891.48,20,1426.37
2205,935,12,2023-09-18,2,823.74,0,1647.48
2206,935,14,2023-02-20,2,1140.96,5,2167.82
2207,935,46,2023-06-13,1,862.56,15,733.18
2208,935,14,2023-10-20,3,743.36,0,2230.08
2209,935,25,2023-04-16,3,157.27,10,424.63
2210,935,1,2024-04-08,1,798.32,10,718.49
2211,935,12,2023-07-19,1,458.7,15,389.89
2212,936,3,2023-03-21,1,726.53,20,581.22
2213,936,43,2023-05-13,2,822.87,10,1481.17
2214,936,14,2024-04-26,3,889.23,10,2400.92
2215,936,27,2023-12-20,1,510.75,15,434.14
2216,936,25,2023-05-23,1,983.74,15,836.18
2217,936,17,2023-11-04,1,759.31,15,645.41
2218,936,3,2023-12-23,2,172.09,5,326.97
2219,937,5,2023-11-23,1,156.03,15,132.63
2220,937,5,2023-04-04,3,406.31,10,1097.04
2221,937,44,2024-01-02,3,489.88,20,1175.71
2222,937,19,2023-05-26,3,328.57,0,985.71
2223,937,26,2024-02-26,1,1141.25,20,913
2224,937,32,2023-04-13,1,631.51,0,631.51
2225,938,31,2023-09-03,1,151.46,0,151.46
2226,938,25,2023-04-05,1,919.8,0,919.8
2227,938,16,2023-08-12,3,457.66,5,1304.33
2228,938,29,2023-11-02,1,802.19,20,641.75
2229,938,50,2024-05-13,1,926.89,10,834.2
2230,938,3,2023-10-19,1,1139.34,10,1025.41
2231,939,17,2024-04-16,1,433.14,5,411.48
2232,939,42,2023-01-29,2,468.44,10,843.19
2233,939,33,2023-02-02,1,237.08,5,225.23
2234,939,22,2023-12-03,3,537.87,15,1371.57
2235,939,5,2024-03-07,1,729.96,10,656.96
2236,939,36,2023-03-24,1,665.61,10,599.05
2237,939,4,2023-02-27,3,96.85,20,232.44
2238,939,35,2023-01-09,3,870.17,10,2349.46
2239,939,24,2023-01-20,1,1083.79,5,1029.6
2240,939,1,2023-07-15,1,684,15,581.4
2241,940,50,2023-10-18,1,1031.26,0,1031.26
2242,940,37,2023-10-07,1,43.36,15,36.86
2243,940,37,2023-11-27,2,353.31,20,565.3
2244,940,25,2023-08-19,3,300.45,15,766.15
2245,940,40,2023-05-09,2,1176.55,15,2000.13
2246,940,31,2024-04-15,1,555.98,10,500.38
2247,940,15,2023-03-15,2,771.77,5,1466.36
2248,941,25,2023-05-12,1,454.33,0,454.33
2249,941,28,2024-02-17,2,189.9,15,322.83
2250,941,27,2023-12-30,3,1024.99,15,2613.72
2251,941,9,2024-03-06,3,436.47,15,1113
2252,941,27,2024-03-28,2,563.49,15,957.93
2253,941,29,2024-05-02,2,566.95,10,1020.51
2254,941,21,2023-12-07,2,177.08,20,283.33
2255,941,14,2023-05-06,1,860.86,20,688.69
2256,942,13,2024-04-30,3,798,20,1915.2
2257,942,24,2024-04-05,2,666.88,15,1133.7
2258,942,24,2023-11-26,2,271.95,5,516.7
2259,942,31,2023-02-25,3,789.64,10,2132.03
2260,942,50,2024-03-21,3,506.3,5,1442.95
2261,942,14,2023-06-22,3,1070.11,15,2728.78
2262,942,34,2023-08-10,1,1132.98,0,1132.98
2263,942,45,2023-04-16,2,689.52,5,1310.09
2264,942,18,2024-01-17,3,684.77,5,1951.59
2265,942,42,2023-07-25,3,942.59,5,2686.38
2266,943,10,2023-07-30,2,572.92,5,1088.55
2267,943,49,2024-04-21,2,393.13,20,629.01
2268,943,34,2024-01-12,3,1053.58,0,3160.74
2269,943,5,2023-02-13,1,30.23,0,30.23
2270,943,22,2024-03-12,1,389.69,10,350.72
2271,943,13,2024-01-16,1,1150.39,10,1035.35
2272,944,5,2023-07-05,3,1092.91,20,2622.98
2273,944,29,2023-09-01,2,850.25,10,1530.45
2274,944,20,2023-02-21,3,208.58,5,594.45
2275,944,11,2023-08-01,1,648.12,20,518.5
2276,944,27,2023-03-23,3,671.74,15,1712.94
2277,944,45,2023-05-24,3,1020.63,5,2908.8
2278,945,8,2023-12-06,1,1092.84,0,1092.84
2279,945,49,2023-01-21,1,1058.67,15,899.87
2280,945,25,2023-09-02,1,925.22,20,740.18
2281,945,45,2024-02-23,2,1118.51,20,1789.62
2282,945,37,2023-04-04,2,1074.91,15,1827.35
2283,945,43,2023-10-18,2,1065.01,0,2130.02
2284,945,24,2023-02-05,1,179.23,10,161.31
2285,945,44,2023-07-21,1,150.95,5,143.4
2286,945,41,2023-06-14,2,859.46,0,1718.92
2287,946,23,2023-11-05,2,38.83,20,62.13
2288,946,27,2023-03-28,2,1024.48,5,1946.51
2289,946,33,2023-05-24,3,1087.05,0,3261.15
2290,946,32,2023-06-13,1,81.37,5,77.3
2291,946,45,2023-06-06,2,549.74,15,934.56
2292,946,22,2023-01-21,2,905,15,1538.5
2293,947,43,2023-02-11,2,670.5,5,1273.95
2294,947,40,2023-01-06,3,696.91,10,1881.66
2295,947,25,2023-04-13,2,468.42,0,936.84
2296,947,45,2023-12-11,2,842.29,10,1516.12
2297,947,24,2024-02-16,3,1027.28,15,2619.56
2298,948,27,2023-12-29,2,176.16,10,317.09
2299,948,47,2023-05-14,3,247.63,10,668.6
2300,948,18,2023-02-12,2,1104.16,0,2208.32
2301,948,43,2024-04-12,2,1036.55,0,2073.1
2302,948,2,2024-02-20,1,971.35,0,971.35
2303,949,16,2023-02-08,1,460.6,5,437.57
2304,949,37,2024-02-15,1,939.07,0,939.07
2305,949,1,2024-01-06,1,889.07,10,800.16
2306,949,40,2023-02-06,1,707.65,15,601.5
2307,949,41,2024-03-23,2,947.64,0,1895.28
2308,949,40,2023-03-04,1,850.89,5,808.35
2309,949,48,2024-04-19,1,238.98,0,238.98
2310,949,1,2023-08-10,3,295.03,0,885.09
2311,949,46,2023-02-10,2,398.08,20,636.93
2312,949,13,2023-09-01,1,855.72,15,727.36
2313,950,39,2023-12-28,1,573.67,20,458.94
2314,950,4,2023-08-15,1,618.95,0,618.95
2315,950,12,2024-05-13,1,330.65,20,264.52
2316,950,37,2024-05-13,1,845.96,0,845.96
2317,950,13,2023-04-06,2,912.42,5,1733.6
2318,950,11,2023-07-22,3,1006.53,10,2717.63
2319,950,39,2023-07-31,3,775.9,5,2211.31
2320,951,28,2023-05-09,2,887.82,20,1420.51
2321,951,1,2023-12-02,3,316.97,5,903.36
2322,951,5,2023-02-01,1,602.83,0,602.83
2323,951,40,2024-01-22,2,114.34,15,194.38
2324,951,1,2024-05-15,3,815.91,10,2202.96
2325,951,38,2024-01-30,2,843.73,20,1349.97
2326,951,44,2024-05-06,1,691.66,10,622.49
2327,952,29,2023-07-03,3,976.94,10,2637.74
2328,952,32,2023-06-03,2,389.9,5,740.81
2329,952,15,2023-10-28,1,70.39,10,63.35
2330,952,27,2023-08-27,2,402.75,15,684.67
2331,952,30,2024-03-20,2,553.57,5,1051.78
2332,952,48,2024-01-20,2,515.12,0,1030.24
2333,952,9,2024-02-08,2,470.12,5,893.23
2334,952,26,2023-07-07,1,532.57,5,505.94
2335,953,10,2023-10-31,1,276.05,0,276.05
2336,953,26,2023-08-30,1,339.65,5,322.67
2337,953,2,2023-09-12,2,206.81,20,330.9
2338,953,18,2023-04-27,1,594.11,15,504.99
2339,953,28,2023-08-11,1,595.06,0,595.06
2340,953,23,2024-05-07,1,98.95,10,89.06
2341,953,46,2023-09-02,3,361.4,5,1029.99
2342,953,34,2024-04-27,2,968.27,15,1646.06
2343,954,32,2023-01-07,2,765.18,10,1377.32
2344,954,41,2023-06-09,3,749.81,20,1799.54
2345,954,8,2023-11-03,1,644.97,10,580.47
2346,954,47,2023-07-11,3,1039.64,10,2807.03
2347,954,37,2024-05-11,2,94.49,15,160.63
2348,954,24,2023-08-02,1,267.16,10,240.44
2349,954,45,2023-04-30,2,767.97,15,1305.55
2350,954,18,2023-10-12,2,701.12,10,1262.02
2351,954,45,2023-04-10,1,1159.26,20,927.41
2352,955,15,2023-12-29,3,739.08,5,2106.38
2353,955,32,2023-10-16,2,1070.86,10,1927.55
2354,955,33,2024-03-26,1,473.29,5,449.63
2355,955,40,2023-06-14,1,644.5,15,547.82
2356,955,39,2024-04-06,3,333.89,15,851.42
2357,955,25,2024-02-03,1,953.71,10,858.34
2358,955,46,2023-03-15,2,1020.37,0,2040.74
2359,956,31,2023-05-07,1,767.02,10,690.32
2360,956,23,2024-02-27,3,589.41,5,1679.82
2361,956,18,2024-05-04,2,591.94,10,1065.49
2362,956,39,2024-03-28,3,256.07,5,729.8
2363,956,39,2023-11-06,1,368.83,0,368.83
2364,956,48,2024-03-29,1,637.73,20,510.18
2365,956,19,2023-05-08,2,519.13,0,1038.26
2366,956,20,2023-05-14,1,189.99,0,189.99
2367,956,2,2023-11-30,3,919.6,0,2758.8
2368,957,24,2023-08-27,1,547.09,15,465.03
2369,957,36,2023-03-22,3,544.08,10,1469.02
2370,957,7,2024-04-24,2,558.01,5,1060.22
2371,957,46,2023-11-07,2,356.02,20,569.63
2372,957,9,2023-06-15,1,166.22,10,149.6
2373,957,36,2023-09-02,2,187.27,15,318.36
2374,957,36,2023-01-14,3,532.43,10,1437.56
2375,957,26,2023-04-02,2,743.44,0,1486.88
2376,958,42,2023-05-25,2,687.43,20,1099.89
2377,958,3,2024-03-28,3,85.91,5,244.84
2378,958,32,2023-02-02,1,185.1,0,185.1
2379,958,34,2023-03-25,3,297.32,10,802.76
2380,958,23,2023-06-23,1,506.92,0,506.92
2381,958,32,2023-07-25,3,93.34,15,238.02
2382,959,42,2024-02-09,2,839.61,20,1343.38
2383,959,6,2024-02-21,1,549.23,0,549.23
2384,959,49,2024-04-11,2,288.33,0,576.66
2385,959,42,2023-12-16,3,48.59,5,138.48
2386,959,31,2023-01-22,1,278.42,5,264.5
2387,959,10,2024-05-03,1,610.69,10,549.62
2388,959,25,2024-01-23,3,810.91,0,2432.73
2389,959,33,2024-01-27,2,600.83,15,1021.41
2390,959,36,2023-02-04,1,256.15,0,256.15
2391,959,14,2023-04-28,3,599.93,10,1619.81
2392,960,45,2023-02-11,3,1060.34,20,2544.82
2393,960,11,2023-07-23,1,199.66,0,199.66
2394,960,41,2024-01-17,3,352.07,20,844.97
2395,960,24,2023-09-19,2,208.64,5,396.42
2396,960,49,2023-11-08,2,414.69,10,746.44
2397,960,17,2023-07-21,1,787.55,15,669.42
2398,960,2,2023-08-17,3,1161.93,20,2788.63
2399,960,50,2023-07-27,1,238.1,0,238.1
2400,960,25,2024-02-16,1,896.52,5,851.69
2401,961,13,2024-01-24,3,888.13,10,2397.95
2402,961,45,2023-12-12,1,1066.25,10,959.62
2403,961,24,2023-08-26,1,784.44,5,745.22
2404,961,37,2024-03-31,2,275.83,0,551.66
2405,961,20,2023-01-07,1,998.91,10,899.02
2406,961,14,2023-09-13,3,478.51,10,1291.98
2407,962,30,2023-07-20,3,909.55,15,2319.35
2408,962,31,2023-10-15,3,356.7,5,1016.59
2409,962,5,2023-11-12,1,1063.61,0,1063.61
2410,962,40,2023-01-26,1,1137.21,0,1137.21
2411,962,20,2023-08-16,2,879.92,5,1671.85
2412,962,7,2023-01-28,2,274.06,5,520.71
2413,962,28,2024-01-15,2,109.8,15,186.66
2414,962,42,2023-01-12,2,929.12,0,1858.24
2415,962,20,2023-03-14,2,559.17,5,1062.42
2416,963,8,2024-04-15,3,898.23,0,2694.69
2417,963,31,2023-03-31,1,152.85,5,145.21
2418,963,30,2024-03-21,3,840,10,2268
2419,963,18,2023-01-12,3,684.61,0,2053.83
2420,963,47,2023-12-21,1,274.26,15,233.12
2421,963,44,2023-07-13,1,63.85,15,54.27
2422,963,30,2023-07-31,1,1168.03,20,934.42
2423,963,3,2023-12-03,1,1152.13,10,1036.92
2424,963,46,2023-05-25,3,585.42,10,1580.63
2425,964,2,2023-12-10,2,1156.56,5,2197.46
2426,964,16,2023-12-20,2,976.22,0,1952.44
2427,964,37,2024-03-03,2,679.55,15,1155.23
2428,964,15,2024-01-02,3,75.81,10,204.69
2429,964,6,2023-11-03,2,558.38,15,949.25
2430,964,35,2023-03-25,2,797.15,10,1434.87
2431,964,47,2023-10-10,3,191.92,10,518.18
2432,964,27,2023-03-31,3,494.1,15,1259.96
2433,965,23,2024-01-28,2,194.21,15,330.16
2434,965,44,2023-10-05,2,445.19,15,756.82
2435,965,6,2023-11-05,2,1064.03,10,1915.25
2436,965,23,2023-11-27,2,551.91,20,883.06
2437,965,44,2023-03-26,1,425.28,5,404.02
2438,965,39,2023-06-24,3,766.58,5,2184.75
2439,965,37,2023-03-13,1,993.13,15,844.16
2440,965,6,2024-02-26,2,1059.25,20,1694.8
2441,965,35,2023-01-22,3,142.5,0,427.5
2442,965,17,2024-04-23,3,804.27,5,2292.17
2443,966,48,2023-04-27,3,857.51,10,2315.28
2444,966,32,2023-03-01,2,883.59,10,1590.46
2445,966,36,2024-04-24,2,637.28,15,1083.38
2446,966,15,2023-10-23,2,904.8,0,1809.6
2447,966,15,2023-11-24,3,555.31,5,1582.63
2448,966,46,2023-01-01,3,963.92,15,2458
2449,966,10,2024-04-13,1,840.03,10,756.03
2450,966,16,2024-01-22,2,377.37,5,717
2451,966,35,2023-11-23,1,1142.83,5,1085.69
2452,966,2,2023-01-09,1,369.03,5,350.58
2453,967,12,2024-02-28,3,104.18,10,281.29
2454,967,29,2024-05-01,1,517.86,10,466.07
2455,967,43,2023-07-26,1,843.43,10,759.09
2456,967,22,2023-07-18,2,265.97,15,452.15
2457,967,40,2023-10-29,2,769.56,20,1231.3
2458,967,3,2023-12-14,2,1172.88,15,1993.9
2459,967,21,2023-06-29,1,321.82,15,273.55
2460,967,25,2024-01-21,3,928.35,15,2367.29
2461,967,45,2023-10-28,3,1059.15,15,2700.83
2462,967,2,2023-07-14,1,1156.07,0,1156.07
2463,968,31,2023-05-10,3,128.62,5,366.57
2464,968,47,2024-03-01,3,764.93,0,2294.79
2465,968,30,2023-07-14,3,418.11,20,1003.46
2466,968,31,2023-01-18,2,385.58,15,655.49
2467,968,14,2023-11-11,2,132.05,5,250.9
2468,968,38,2024-03-17,3,941.39,20,2259.34
2469,968,29,2023-02-05,3,233.86,10,631.42
2470,968,45,2023-10-17,2,965.54,20,1544.86
2471,968,42,2024-01-06,1,318.78,0,318.78
2472,969,45,2023-09-22,2,225.22,15,382.87
2473,969,19,2024-03-13,1,66.98,20,53.58
2474,969,22,2023-08-07,1,830.43,0,830.43
2475,969,13,2023-09-04,2,313.87,15,533.58
2476,969,50,2024-01-17,3,1088.38,15,2775.37
2477,969,3,2023-06-04,1,283.64,20,226.91
2478,969,32,2023-04-28,3,544.71,0,1634.13
2479,969,7,2023-03-26,1,175.76,20,140.61
2480,970,37,2023-01-13,2,605.45,15,1029.27
2481,970,2,2023-12-29,3,1079.27,10,2914.03
2482,970,41,2023-10-06,1,513.98,0,513.98
2483,970,18,2023-08-12,3,848.42,0,2545.26
2484,970,5,2023-02-14,2,1055.78,10,1900.4
2485,970,31,2023-07-25,3,1104.74,5,3148.51
2486,970,8,2023-01-13,1,121.93,5,115.83
2487,970,43,2023-04-11,2,798.64,20,1277.82
2488,970,24,2023-10-13,2,583.9,5,1109.41
2489,971,38,2023-07-31,1,680.41,5,646.39
2490,971,13,2023-03-17,2,177.19,15,301.22
2491,971,1,2023-07-10,1,622.03,0,622.03
2492,971,8,2023-09-26,3,333.75,20,801
2493,971,1,2023-06-05,1,397.04,5,377.19
2494,971,31,2024-02-15,1,242.63,15,206.24
2495,971,31,2023-09-03,1,136.88,15,116.35
2496,971,36,2023-11-21,3,658.86,0,1976.58
2497,971,10,2023-12-08,1,1032.26,5,980.65
2498,971,49,2023-02-04,2,625.79,0,1251.58
2499,972,37,2023-03-26,1,759.79,15,645.82
2500,972,41,2023-07-05,1,997.01,15,847.46
2501,972,4,2024-01-21,2,70.63,10,127.13
2502,972,50,2023-07-22,1,247.27,10,222.54
2503,972,26,2023-08-19,3,1006.92,5,2869.72
2504,972,48,2024-04-09,1,585.65,20,468.52
2505,972,27,2023-11-27,3,205.6,20,493.44
2506,972,34,2023-05-28,2,932.26,15,1584.84
2507,972,39,2023-01-16,2,98.27,0,196.54
2508,972,46,2024-04-01,1,932.04,0,932.04
2509,973,24,2023-05-23,2,351.38,10,632.48
2510,973,20,2024-03-04,3,734.25,10,1982.48
2511,973,31,2023-09-19,2,475.59,20,760.94
2512,973,45,2023-10-14,3,734.14,20,1761.94
2513,973,9,2023-08-29,2,127.37,15,216.53
2514,973,22,2023-09-30,3,747.31,0,2241.93
2515,973,17,2023-11-19,2,1122.31,10,2020.16
2516,973,39,2023-09-20,1,389.4,10,350.46
2517,973,16,2023-10-17,1,431.25,10,388.12
2518,974,13,2024-02-27,2,630.85,15,1072.44
2519,974,18,2023-05-16,3,520.14,5,1482.4
2520,974,50,2023-11-10,1,966.65,10,869.99
2521,974,13,2023-12-18,3,446.55,20,1071.72
2522,974,36,2023-06-14,1,961.68,20,769.34
2523,974,34,2023-03-30,1,875.02,10,787.52
2524,974,41,2023-05-07,1,725.79,10,653.21
2525,975,12,2024-03-30,3,975.3,10,2633.31
2526,975,16,2023-07-20,2,866.11,20,1385.78
2527,975,30,2023-10-03,2,192.68,20,308.29
2528,975,5,2023-05-10,1,1160.49,20,928.39
2529,975,26,2023-01-02,1,242.94,10,218.65
2530,975,32,2023-08-21,3,708.63,10,1913.3
2531,975,33,2023-10-18,2,255.04,0,510.08
2532,976,28,2023-11-18,2,722.42,15,1228.11
2533,976,28,2023-07-18,2,160.94,5,305.79
2534,976,8,2023-07-05,1,68.42,0,68.42
2535,976,18,2023-02-25,3,651.56,5,1856.95
2536,976,7,2024-04-18,3,830.33,5,2366.44
2537,976,3,2024-04-01,3,688.55,0,2065.65
2538,976,8,2023-06-22,3,869.09,10,2346.54
2539,976,28,2023-05-04,1,280.12,20,224.1
2540,977,37,2024-01-20,2,1114.86,10,2006.75
2541,977,16,2023-03-19,1,673.38,10,606.04
2542,977,49,2023-04-23,1,970.74,15,825.13
2543,977,14,2023-10-05,3,40.58,5,115.65
2544,977,6,2023-10-20,3,744.68,10,2010.64
2545,977,32,2023-03-05,1,310.51,15,263.93
2546,977,15,2023-05-04,2,739.34,5,1404.75
2547,977,15,2023-05-24,1,23.74,10,21.37
2548,977,28,2023-10-24,3,1022.52,15,2607.43
2549,978,14,2023-04-29,1,1019.79,15,866.82
2550,978,46,2023-08-16,2,197.45,15,335.66
2551,978,40,2024-01-20,2,47.17,10,84.91
2552,978,14,2024-03-27,3,599.99,20,1439.98
2553,978,22,2023-06-14,1,608.86,20,487.09
2554,978,25,2024-03-05,2,735.73,10,1324.31
2555,979,10,2023-12-27,1,729.13,15,619.76
2556,979,11,2024-02-08,2,264.41,10,475.94
2557,979,23,2023-07-27,2,313.54,10,564.37
2558,979,15,2023-07-14,3,1055.72,0,3167.16
2559,979,44,2024-04-23,3,308.01,0,924.03
2560,980,29,2024-01-01,1,478.87,10,430.98
2561,980,24,2023-07-15,1,599.33,15,509.43
2562,980,28,2023-02-15,2,320.81,5,609.54
2563,980,18,2023-07-07,2,584.67,5,1110.87
2564,980,15,2024-03-13,3,781.11,20,1874.66
2565,980,34,2024-02-19,1,1018.17,15,865.44
2566,980,24,2023-01-25,1,126.17,5,119.86
2567,980,6,2023-11-12,3,672.33,10,1815.29
2568,981,6,2023-09-26,2,554.66,10,998.39
2569,981,10,2024-03-15,2,348.65,5,662.43
2570,981,15,2023-07-29,2,216.62,0,433.24
2571,981,15,2024-03-22,1,752.71,20,602.17
2572,981,42,2024-02-05,3,227.61,20,546.26
2573,981,31,2024-04-27,2,1076.01,5,2044.42
2574,981,2,2024-02-18,1,731.11,0,731.11
2575,982,5,2024-01-31,1,337.47,5,320.6
2576,982,35,2023-03-05,2,673.06,10,1211.51
2577,982,47,2023-04-02,1,649.72,5,617.23
2578,982,16,2024-02-07,1,404.06,5,383.86
2579,982,50,2023-05-20,3,979.7,20,2351.28
2580,982,33,2024-04-03,1,484.69,5,460.46
2581,982,4,2023-08-29,1,1018.91,5,967.96
2582,983,39,2024-03-03,2,697.16,10,1254.89
2583,983,30,2023-05-06,2,226.67,0,453.34
2584,983,46,2023-05-08,1,775.36,0,775.36
2585,983,5,2023-07-13,1,20.68,15,17.58
2586,983,34,2024-02-14,2,819.48,15,1393.12
2587,983,36,2023-10-05,3,496.6,20,1191.84
2588,983,30,2024-05-07,3,1133.08,10,3059.32
2589,983,39,2023-10-23,3,1008.4,15,2571.42
2590,984,49,2023-05-09,3,1125.51,5,3207.7
2591,984,33,2024-03-15,2,168.96,0,337.92
2592,984,14,2023-02-07,3,1193.76,10,3223.15
2593,984,8,2023-11-06,2,471.44,10,848.59
2594,984,24,2023-01-13,2,594.92,0,1189.84
2595,984,14,2023-08-11,3,905.41,15,2308.8
2596,984,38,2024-02-09,3,185.02,10,499.55
2597,985,26,2023-05-06,1,39.33,5,37.36
2598,985,29,2023-05-10,2,491.1,15,834.87
2599,985,24,2024-03-27,1,566.69,15,481.69
2600,985,4,2023-05-06,1,1078.51,0,1078.51
2601,985,19,2023-07-11,1,433.66,15,368.61
2602,985,42,2024-03-22,2,112.19,10,201.94
2603,986,23,2024-02-25,3,670.9,0,2012.7
2604,986,31,2023-02-04,2,411.11,10,740
2605,986,33,2023-03-26,1,1190.68,5,1131.15
2606,986,48,2023-12-31,3,338.14,0,1014.42
2607,986,33,2023-04-22,3,634.89,0,1904.67
2608,986,29,2023-07-26,2,962.24,15,1635.81
2609,986,23,2023-11-15,2,356.21,0,712.42
2610,987,34,2023-10-27,1,1062.57,15,903.18
2611,987,28,2024-01-26,3,62.66,20,150.38
2612,987,47,2024-01-19,3,617.02,5,1758.51
2613,987,25,2023-06-19,3,862.84,10,2329.67
2614,987,10,2023-03-14,1,129.96,15,110.47
2615,988,18,2023-07-21,1,69.43,10,62.49
2616,988,1,2024-05-03,1,249.5,20,199.6
2617,988,13,2023-08-02,1,523.76,20,419.01
2618,988,17,2024-04-14,1,20.67,0,20.67
2619,988,11,2024-03-15,1,333.3,15,283.31
2620,989,5,2023-04-23,2,1099.86,5,2089.73
2621,989,44,2023-09-10,1,114.36,15,97.21
2622,989,22,2023-11-12,3,1175.76,15,2998.19
2623,989,17,2023-10-23,3,666.55,10,1799.68
2624,989,41,2023-12-07,2,641.52,20,1026.43
2625,989,34,2023-12-16,2,971.3,5,1845.47
2626,989,15,2024-02-22,1,531.97,10,478.77
2627,989,22,2024-04-26,3,374.67,15,955.41
2628,989,4,2024-05-02,3,374.4,10,1010.88
2629,990,7,2024-02-26,1,674.92,5,641.17
2630,990,16,2023-08-26,1,1112.74,20,890.19
2631,990,33,2023-07-05,2,896.18,15,1523.51
2632,990,37,2023-06-19,2,115.73,5,219.89
2633,990,40,2023-09-04,3,98.26,10,265.3
2634,990,4,2023-08-12,2,981.77,5,1865.36
2635,991,27,2023-08-31,1,413.87,10,372.48
2636,991,8,2023-06-07,1,594.09,15,504.98
2637,991,26,2023-10-29,1,498.27,5,473.36
2638,991,19,2023-05-05,3,969.34,10,2617.22
2639,991,11,2023-11-03,2,720.27,0,1440.54
2640,991,7,2023-02-12,1,959.51,0,959.51
2641,991,10,2023-10-04,2,601.33,0,1202.66
2642,992,45,2023-11-28,1,1190.37,0,1190.37
2643,992,31,2023-04-01,1,177.51,10,159.76
2644,992,44,2023-12-18,3,441.56,20,1059.74
2645,992,6,2023-01-21,1,1073.6,10,966.24
2646,992,7,2023-01-20,3,117.17,0,351.51
2647,992,40,2023-01-01,1,951.66,15,808.91
2648,992,32,2023-02-25,2,720.18,20,1152.29
2649,993,34,2023-02-06,3,355.64,0,1066.92
2650,993,30,2023-11-07,2,205.72,20,329.15
2651,993,7,2023-09-12,3,284.07,10,766.99
2652,993,3,2023-07-21,2,804.71,15,1368.01
2653,993,29,2023-07-03,3,381.55,15,972.95
2654,993,27,2024-02-18,1,957.22,10,861.5
2655,993,43,2023-06-17,1,304,5,288.8
2656,993,46,2023-03-21,1,113.75,20,91
2657,994,8,2023-03-17,1,1197.91,5,1138.01
2658,994,10,2024-01-06,1,353.32,10,317.99
2659,994,45,2023-06-13,3,302.32,15,770.92
2660,994,28,2023-07-29,1,1117.25,20,893.8
2661,994,47,2023-10-28,2,1126.17,5,2139.72
2662,994,31,2023-12-02,1,449.77,15,382.3
2663,994,13,2023-06-26,1,77.72,10,69.95
2664,994,25,2023-04-06,2,566.93,15,963.78
2665,994,46,2024-03-17,2,550.54,10,990.97
2666,995,48,2024-05-09,3,518.37,10,1399.6
2667,995,49,2023-10-18,3,237.08,5,675.68
2668,995,17,2023-08-01,1,594.54,10,535.09
2669,995,10,2023-01-22,1,303.23,20,242.58
2670,995,32,2024-05-05,2,1090.62,5,2072.18
2671,996,27,2023-01-20,1,765.21,10,688.69
2672,996,40,2023-07-10,2,23.23,15,39.49
2673,996,50,2024-02-27,3,258.02,5,735.36
2674,996,22,2023-12-15,3,1032.17,20,2477.21
2675,996,18,2023-09-29,2,1069.71,20,1711.54
2676,996,40,2024-04-19,3,252.06,0,756.18
2677,996,30,2024-05-08,3,717.35,10,1936.85
2678,996,35,2024-01-22,2,72.53,10,130.55
2679,996,2,2023-07-28,3,759.91,0,2279.73
2680,996,31,2024-02-29,2,1116.28,20,1786.05
2681,997,37,2023-04-29,2,1005.07,5,1909.63
2682,997,29,2023-05-16,2,1071.99,0,2143.98
2683,997,15,2023-12-09,3,319.89,10,863.7
2684,997,1,2023-09-29,1,67.84,15,57.66
2685,997,16,2023-07-23,1,527.41,0,527.41
2686,997,18,2023-10-02,3,1129.1,0,3387.3
2687,997,33,2024-03-20,3,957.66,10,2585.68
2688,997,50,2023-11-04,3,80.41,20,192.98
2689,998,14,2023-10-01,3,671.78,0,2015.34
2690,998,16,2024-04-18,2,681.69,10,1227.04
2691,998,12,2023-10-07,3,256.3,15,653.57
2692,998,6,2023-06-18,3,309.8,15,789.99
2693,998,2,2023-02-20,1,1118.68,10,1006.81
2694,998,11,2023-12-03,2,812.74,15,1381.66
2695,998,11,2024-04-08,2,260.83,5,495.58
2696,998,24,2023-02-19,2,385.2,20,616.32
2697,999,45,2023-10-08,3,100.94,5,287.68
2698,999,8,2024-03-12,1,1145.23,0,1145.23
2699,999,50,2024-01-30,2,1158.87,0,2317.74
2700,999,49,2023-08-20,2,163.3,20,261.28
2701,999,30,2023-09-19,1,587.87,20,470.3
2702,999,18,2024-02-07,1,440.39,0,440.39
2703,999,23,2023-04-01,2,971.79,20,1554.86
2704,1000,17,2024-01-07,1,1094.89,20,875.91
2705,1000,50,2023-02-14,1,211.5,10,190.35
2706,1000,11,2023-09-25,3,651.07,15,1660.23
2707,1000,49,2023-11-20,2,55.15,15,93.75
2708,1000,49,2023-08-10,1,972.58,15,826.69
